1	George Lucas
10001	William Wyler
100036	D.W. Griffith
1002001	Frank Lotito
1004172	Mora Stephens
10051	Tobe Hooper
100516	Max Mayer
1006810	Vladlen Barbe
10076	Lewis Gilbert
1009253	Jason Trost
1009255	Jason Trost
10099	Park Chan-wook
1011	Susanne Bier
1011158	Florent-Emilio Siri
1012105	Mikel Rueda
101233	Michael Winnick
101377	Paul Bartel
101399	Claudia Llosa
101515	Robinson Devor
101518	Kevin Tancharoen
101542	Ti West
101666	Paul King
101767	Robert Butler
10179	John Glen
101810	Benjamin Dickinson
1018660	Tanner Beard
1018699	Corey Grant
1018728	Jorge Gaggero
1019303	Duke Johnson
1023720	Johnny Remo
1024216	Boris Rodriguez
102445	John Sayles
1024823	Brian A Miller
102627	Steve Carver
102634	Katt Shea
1027017	Dan Cutforth
1027018	Jane Lipsitz
1027145	Andrew J. Smith
1027737	Robin Budd
1027738	Donovan Cook
102797	Robert Marcarelli
1030160	Richard Raymond
103031	Eric Nicholas
1031144	Chad Hartigan
1031972	Paul Bunnell
1032	Martin Scorsese
1032103	Rakesh Roshan
1032536	Robert Stromberg
1035	Paul Schrader
103602	Mabel Cheung
10367	John Waters
1038	Jodie Foster
10395	Jon Poll
1039527	Tyler Gillett
1039544	Nnegest Likké
10400	Barbra Streisand
1040955	Valeri Milev
1041549	Justin Thomas Ostensen
1043404	Michael Roemer
1044	Michael Chapman
1044250	Panos Cosmatos
1044256	Lisanne Pajot
1044257	James Swirsky
104507	Steve Gomer
1045480	Meiert Avis
1046127	Jason Stone
1046142	Benson Lee
1046494	Kris Pearn
1046935	Kim Longinotto
10491	Paul Verhoeven
1051654	Macha Makeïeff
105239	Stuart Hazeldine
1053020	Sterling Van Wagenen
105313	James Mottern
1053420	Josh Boone
105363	Kate Connor
1056121	Ryan Coogler
105643	Jay Oliva
105648	Nat Faxon
1058138	Peter M. Cohen
1058257	Emily Dell
10586	Richard Lester
105860	Kevin Carraway
105882	Neema Barnette
10601	Joseph L. Mankiewicz
1062805	John Maclean
1062889	Bill Muir
106491	Mark Griffiths
1066308	Aaron T. Wells
10702	Martin Campbell
1070340	Simon Yin
107039	Sacha Bennett
1070682	Fernando Baez Mella
10707	Terry Jones
1071	Tom Tykwer
107168	Stephen Kijak
10723	Mike Newell
107274	Richard Rich
107414	Philip Saville
107446	Phil Lord
107447	Michel O. Scott
10757	Jane Campion
107630	William Phillips
10765	Andrzej Bartkowiak
107725	Harmage Singh Kalirai
107730	Tran Anh Hung
10781	Michael Apted
108	Peter Jackson
108072	Ruba Nadda
10808	Stephen Norrington
1081445	Brandon Cronenberg
1082114	Timothy Bjorklund
108217	Jerry Rees
10828	Guillermo del Toro
108497	David Caffrey
10855	Chris Gorak
1085904	Ramaa Mosley
1085923	Dror Moreh
1088096	James Nunn
1088647	Maggie Carey
108952	Mike Disa
1090	John McTiernan
109026	Piyush Dinker Pandya
1092607	Benjamin Renner
10930	Irvin Kershner
10943	Francis Lawrence
109640	Doug Atchison
10965	Chris Columbus
1096867	Thea Sharrock
109692	David E. Talbert
109695	Jeffrey W. Byrd
109745	Lee Toland Krieger
1098	Mark Helfrich
1098107	Wayne Thornley
1098477	Callan Brunker
109857	Thor Freudenthal
109905	Lance Kawas
10995	David Hayter
109978	Ian Fitzgibbon
1099862	Dean Israelite
1100753	Ryan Smith
11011	Zak Penn
11012	Michael Dougherty
11013	Dan Harris
1101410	Dave Green
1102620	Christopher Bessette
1103	Bill Duke
11037	Lukas Moodysson
110427	Kriv Stenders
11057	Robert Towne
110618	Cyrus Nowrasteh
110695	Majid Majidi
110726	Joseph Green
1108	Shane Black
110834	John Murlowski
1108711	John Laing
110873	Igor Kovalyov
110876	Rachel Goldenberg
11090	Edgar Wright
11091	Brett Ratner
1109245	Digby Cook
1110059	Travis Romero
1110102	Michael Tiddes
1110343	Lauren Lazin
111085	Jean-Jacques Mantello
1111709	Tom Putnam
1111710	Brenna Sanchez
111247	Alan Cohn
1113116	Andy Muschietti
1115066	Molly Bernstein
11151	Nick Cassavetes
111588	J Blakeson
1116801	Sue Corcoran
111686	Jim Field Smith
1117026	Ritesh Batra
111745	Frank Sebastiano
11181	Kenneth Branagh
111944	Bobby Roth
1120694	Jennifer Lee
11218	Alfonso Cuarón
1122434	Chris Atkins
112289	Chris Shadley
1124971	Mariette Monpierre
112630	Dean Wright
112632	Eddie O'Flaherty
11266	James McTeigue
1128	Agnieszka Holland
1128550	Timothy Hines
113225	Alan Poul
1134201	Edward Hall
11343	David Yates
11357	Bruce Campbell
113600	Susanna White
113641	Dewey Nicks
113682	Christopher Hutson
113733	Britt Allcroft
1137903	Sam Taylor-Johnson
113799	Frank Perry
113907	Ian Sharp
1139506	Florence Ayisi
114004	Noah Buschel
11401	John Woo
1140160	Randy Moore
1141683	Theodore Melfi
11426	Ben Sharpsteen
11427	William Roberts
11428	Paul Satterfield
11429	Hamilton Luske
11430	Jim Handley
11431	Ford Beebe
11432	T. Hee
11434	Wilfred Jackson
11435	Howard Hawks
114396	John Reinhardt
114404	Miguel Sapochnik
1144092	Matt Johnson
11447	Albert Hughes
11448	Allen Hughes
114545	Ivan Engler
114546	Ralph Etter
114596	Jake Goldberger
114597	Julie Anne Robinson
114614	David Nixon
114615	Patrick Doughtie
114646	Jesse Vaughan
11472	Irwin Winkler
1148217	Analeine Cal y Mayor
1149038	Duane Journey
114925	Richard Dutcher
1150	Brian De Palma
1150712	Tommy Oliver
1150877	Maksim Sveshnikov
1152	Oliver Stone
115226	Eric Mendelsohn
1152981	Graham Annable
115309	Khyentse Norbu
11558	Eugène Lourié
115585	Richard Boddington
1155992	Zoran Lisinac
1156260	Brad J. Silverman
115627	Kevin Hamedani
115677	Coky Giedroyc
11572	Carl Theodor Dreyer
1158156	Marcos Martínez
1158417	Victor Teran
115892	Jehane Noujaim
115999	Inna Evlannikova
116000	Svyatoslav Ushakov
116100	Richard Williams
11614	M. Night Shyamalan
1161761	Catherine Gund
116186	Lowell Sherman
1162816	Deborah Anderson
116330	Patrick Creadon
116357	Scott Stewart
116370	Matthew Diamond
1164825	Gene Teigland
11649	Cameron Crowe
116653	Lance Mungia
1167470	Gary Shore
11676	Mark Pellington
116805	Paul Feig
116832	Patricia Cardoso
1168852	Dave Carroll
1169157	Timothy Woodward Jr.
11694	Doug Liman
11701	Angelina Jolie
1170143	Remo D'Souza
117052	Jorge Blanco
117075	Henry Jaglom
1171387	Thomas L. Phillips
117168	Hank Braxtan
11720	Jiří Menzel
1172908	Andrés Couturier
1174031	George T. Miller
1174437	Neill Dela Llana
1174438	Ian Gamazon
1176	Lone Scherfig
11770	John Carpenter
11777	Tommy Lee Wallace
117794	Chris Morris
1179066	Wes Ball
1179590	Scott Walker
11805	Frank Whaley
11809	Rupert Wainwright
1182832	Anthony Powell
118303	Nacho Vigalondo
1184351	Georgia Hilton
1184450	Sut Jhally
118463	Peter DeLuise
1184745	Joe Marino
11873	Roger Kumble
1187357	James Kerwin
1187609	W.D. Hogan
1188585	Kevin King
11887	Brad Silberling
1191051	Blair Erickson
11916	Liv Ullmann
1192754	Peter Landesman
1193602	Gia Coppola
119367	Robert Cary
119417	Gavin Wiesen
119419	Deon Taylor
1194681	Michael Skolnik
1196522	Jeffrey St. Jules
119665	Gregory Jacobs
119819	Anurag Basu
11983	Alain Resnais
1199049	Anthony Silverston
119953	Gabe Ibáñez
1200528	Claudia Sainte-Luce
1201	Garry Marshall
1201090	Sherman Alexie
120229	Jafar Panahi
120245	Daniel Stamm
120246	Huck Botko
120247	Andrew Gurland
12028	John Moore
120426	Feroz Abbas Khan
120515	Theodore Witcher
1205756	Patrick Gilmore
12058	Vicky Jenson
1206	Jason Alexander
120615	Tom Ford
12079	Kelly Asbury
12080	Conrad Vernon
1208166	Brian Dorton
12095	Cody Cameron
12098	Chris Miller
12099	Raman Hui
1210747	Aleksandr Veledinskiy
1211000	Tom Gormican
12112	Douglas Trumbull
12114	Michael Cimino
121473	Jamal Hill
1214860	Linda Mendoza
1215	Raja Gosnell
121588	Eric Lavaine
1216147	Anthony Hemingway
1216735	Paul Abascal
121830	Nathan Greno
121873	Debra Granik
1219158	Scott Smith
1219210	Mark Piznarski
1219769	Peter Cousens
12219	Jon Stewart
1223	Joel Coen
1223175	Elizabeth Allen Rosenbaum
1223224	Lee Matthews
12238	David Lean
1224	Ethan Coen
122423	Yorgos Lanthimos
122449	Steve James
122582	Jake Paltrow
122728	Charles Matthau
122842	Rich Christiano
123150	Mike van Diem
1232592	Chris Eyre
1236679	Jonathan M. Goldstein
123694	Rob Pritts
123912	Christophe Ali
123913	Nicolas Bonilauri
123990	Reed Cowan
123991	Steven Greenstreet
1241	John Turturro
1243	Woody Allen
12453	Wong Kar-wai
124747	Pierre Coffin
124748	Chris Renaud
124783	Perry Lang
125044	Babar Ahmed
12523	Rob Bowman
12524	Chris Carter
125324	William Eubank
1253596	Simon Napier-Bell
1255	David Mamet
125544	Tim Fywell
125637	Brian Baugh
125738	Daniel Espinosa
1257827	Max Joseph
126125	Bill Plympton
1262197	Peter Lepeniotis
1262481	Alessandro Carloni
1263110	Travis Legge
12632	Daniel Sackheim
1263945	Damir Catic
12640	David Duchovny
12648	Bob Dolman
1265056	Jorge R. Gutierrez
126597	Stéphane Aubier
126599	Vincent Patar
126638	Mark Andrews
126763	Vivek Agnihotri
12677	Matthew Robbins
1269	Kevin Costner
126910	Derrick Borte
126945	Brian Percival
12698	Bob Clark
1270	Charles Martin Smith
12708	Peter Billingsley
1271	Andy García
12714	Zack Ward
1271492	Philip Zlotorynski
1272994	Jonathan van Tulleken
1275019	Tom Walsh
127823	Agustín Díaz Yanes
12786	Simon West
127936	Chris Stokes
1280031	Mona Lerche
1280037	Kate Barker-Froyland
12804	Peter Yates
1281387	Clay Kaytis
12824	Don Hahn
12833	Edward Burns
1283831	Antonio Simoncini
12840	John Badham
1284099	Gillian Robespierre
1284493	R.J. Cutler
12846	William A. Fraker
128712	Laurent Bouhnik
12881	Gary Goldman
1288700	Collin Schiffli
1288774	Cary Bell
1288796	Gerard Johnstone
12890	Pete Docter
12891	Joss Whedon
1289580	Daniel Mellitz
12905	Ash Brannon
1290942	Benni Diez
1291408	Matthew Watts
1291685	Taedong Park
12920	David S. Ward
12936	Jim Abrahams
129514	Peter H. Hunt
1296119	Na Hong-jin
12962	Jon Turteltaub
12964	Michael Ritchie
129715	Agnieszka Wojtowicz-Vosloo
129716	Julio DePietro
129718	Shana Feste
12987	David Zucker
12988	Paul Michael Glaser
12989	Andrew Davis
129894	Gareth Edwards
129921	Kief Davidson
1299380	Nima Nourizadeh
129941	Alan Shapiro
12995	Marc Forster
129952	Sean McNamara
13	Albert Brooks
1300274	Jason Zada
130051	Craig Moss
130128	Jonas Elmer
13015	Phillip Noyce
1301700	Bruce Dellis
1302082	David F. Sandberg
130358	Éric Tessier
130482	Mary McGuckian
130530	Christian Sesma
130687	Erik White
13079	Gavin Hood
130816	Jesse Peretz
130822	Trent Cooper
130837	Stewart Hendler
130858	Danny Perez
130938	Sergei Bodrov
1310498	Ivan Kavanagh
1310518	Colin Minihan
131060	Chris D'Arienzo
1311595	James Mather
131242	Anthony Bell
1312905	Rohit Jugraj
131388	Bradley Rust Gray
1314011	Nathan Smith Jones
131455	Valerie Red-Horse
131521	Spencer Susser
131668	Nathan Frankowski
1318092	Paul J. Lombardi
131856	Ashish R. Mohan
131870	Daryl Wein
1321304	Patrick Ryan Sims
132239	Babak Najafi
132257	Giuliano Montaldo
13235	Alexander Payne
1324172	Jeremy Degruson
13265	Franklin J. Schaffner
132812	Jonathan Parker
13284	Stanley Donen
132856	Tim Heidecker
132857	Eric Wareheim
132876	Brad Peyton
13294	Gene Kelly
132964	Drake Doremus
1330498	Rania Attieh
1330499	Daniel Garcia
1331465	Andrew Hyatt
133183	Robert Lee King
133259	Arthur Hiller
133293	Paul Bolger
133398	Quentin Dupieux
133406	Dan Rush
13348	Howard Hughes
133502	Simon Curtis
133684	Tim Boxell
133790	Michael D. Olmos
1339129	Gnana Rajasekaran
134129	Benny Boom
134156	Sam Miller
1341629	Sanjay Rawal
13426	Peter Segal
134306	Kevin Sullivan
1343876	Sai Varadan
1343882	James Manera
1346215	Lluís Quílez
134639	Jim Goddard
1349420	Christine Cynn
135113	André Øvredal
13524	Christopher Guest
1352997	Kabir Sadanand
1354171	Henry Hobson
1354959	Justin Tipping
135534	Léa Pool
135601	Troy Nixey
13563	Norman Jewison
135650	Melvin Van Peebles
1357	Christopher Doyle
13581	Brian Levant
1360240	Jim Chuchu
1360439	Collin Joseph Neal
13614	Deborah Kaplan
13615	Harry Elfont
136153	Peter Atencio
136345	Sean Byrne
136495	Damien Chazelle
1365766	Barrett Esposito
1366270	Wade Gasque
137064	Robert Moresco
1372345	Sadyk Sher-Niyaz
137262	Steve Purcell
137392	Nickolas Perry
137427	Denis Villeneuve
137467	Ben Wheatley
137475	Richard J. Lewis
1375066	Stuart Ortiz
1375201	Ken Scott
1375378	David Ray
1375627	Sharon Greytak
13776	John Frankenheimer
1378892	Jerry Dugan
138	Quentin Tarantino
1380244	Blaž Završnik
138322	Victor Nunez
1384771	Jennifer Wynne Farmer
13848	Charlie Chaplin
1385666	Rita Merson
1387618	John Stephenson
138781	Robert Eggers
138857	Jacques Cluzaud
1388653	Anthony O'Brien
13899	G.W. Pabst
139098	Derek Cianfrance
139135	Lena Dunham
13927	Kurt Wimmer
1393858	Stanton Barrett
139537	William Gazecki
1395853	Mauricio De la Orta
13980	Vincente Minnelli
1398500	Tadeo Garcia
140086	Matt Cimber
140151	William Bindley
1401541	Travis Cluff
1401542	Chris Lofing
140354	Ulu Grosbard
140372	David Palmer
1404799	Vicky Jewson
14086	Sajid Khan
1409418	Tuck Tucker
1410294	Stephen Greene
141169	Sngmoo Lee
1413504	Shyam Madiraju
141450	Mel Smith
1414864	Mor Loushy
141503	David Lam
141673	Jason Eisener
141688	Gary McKendry
141706	Chuck Sheetz
14172	Michael McCullers
141824	George Jackson
141825	Rusty Cundieff
142007	Steve Trenbirth
142013	Gareth Evans
142272	Henry Joost
142276	Ariel Schulman
142312	Jennifer Yuh Nelson
1424432	Johanna Schwartz
1424519	Jerome Elston Scott
142513	Emma-Kate Croghan
1425142	Matt Jackson
142587	Greg Tiernan
1429671	Kirk Loudon
143059	Patrick Hughes
143079	Christian E. Christiansen
143217	张立 | Zhang Li
1432207	Rafa Lara
143430	Ham Tran
1434341	Jim Issa
1434676	Terron R. Parsons
1434686	Scott Dow
1438306	Lijun Sun
14392	Kathryn Bigelow
14409	David Schwimmer
144221	Brad Furman
144277	Fina Torres
144430	Paul Donovan
144519	Gilles Paquet-Brenner
144528	Bruce MacDonald
1448550	Sara Newens
1448551	Mina T. Son
145045	Robert Heath
145134	Jill Sprecher
145142	Ciaran Foy
145169	Martyn Pick
14520	John Sturges
145304	Udayan Prasad
1454563	Aaron Hann
1454564	Mario Miscione
1454884	Cedric Nicolas-Troyan
145605	Harry Beaumont
1456123	Dena Seidel
14597	Gaspar Noé
146026	D. Stevens
1460398	Kristin Rizzo
1461	George Clooney
1462	Tim Blake Nelson
146275	Joseph Graham
14639	Mel Brooks
14674	George Cukor
1467662	Charlie Levi
146883	Paul Fierlinger
146884	Sandra Fierlinger
147021	S.S. Rajamouli
1476699	Nicolae Constantin Tanase
14773	Don Siegel
1480591	Enrique Begné
14838	James Bridges
14855	Frank Borzage
14875	Robert Rossen
14911	Penny Marshall
1491995	Rick de Oliveira
1496406	Yuefeng Song
1498767	Khalil Sullins
1499089	Tom Sanchez
14999	George A. Romero
150	RZA
150003	Graham Heid
15002	Dean Parisot
1501366	Simeon Rice
150347	John Dower
15045	Michael Lembeck
1504620	Giovanni Zelko
15056	Michael Gornick
150641	Gary Halvorson
151007	Peter Ramsey
151017	Stevan Mena
151092	Eric Eason
15115	Stefan Ruzowitzky
151175	Pascal Hérold
151232	Wil Shriner
151460	John Sullivan
1514634	Darren Press
1514635	C. Fraser Press
15148	Jon Amiel
15175	William Friedkin
1517664	Natalie Bible'
1519326	Justin Paul Miller
1521130	Andrew Steggall
15217	Zack Snyder
15218	James Gunn
15219	Marc Abraham
152249	Jim O'Hanlon
1523137	Robert Fontaine
1524	Harold Ramis
15277	Jon Favreau
15287	Niki Caro
15309	Lori Petty
1532382	Joseph Mazzella
15337	John Polson
15344	J.J. Abrams
15358	Vic Armstrong
15361	Josef Rusnak
15378	Carol Reed
154	Walter Murch
154705	Chris Butler
15488	Ken Loach
1551346	Matthew Robinson
15521	Ernest R. Dickerson
155267	Christopher Miller
1553042	Justin Dillon
15531	Ossie Davis
155531	Joe Cornish
15557	Bill Condon
1555903	Étienne Faure
1557430	Chad Kapper
155747	David M. Matthews
155945	Jack Heller
15602	Fernando León de Aranoa
1560279	Neil Mcenery-West
1562421	Eric Bugbee
1562428	James O'Brien
1565981	Maksim Fadeev
15663	Joseph Sargent
15672	Nadia Tass
1571422	Warren Sheppard
1577	Richard Kelly
15774	Chris Buck
15775	Kevin Lima
1577521	Manuel Marín
15780	Dan St. Pierre
157879	Alison Maclean
1579630	Will Graham
15810	Ron Clements
15811	John Musker
15812	Roger Allers
158480	Dan Zukovic
1585252	Rob Hawk
15858	Tim Hunter
15868	Uli Edel
158835	Sharron Miller
15890	James Foley
15892	Dan Fogelman
160	Eytan Fox
160942	Norman Wright
1614	Ang Lee
1617	James Schamus
161858	David Raynr
16187	Jeannot Szwarc
161932	Jim Rash
162102	Myles Berkowitz
16214	Mario Van Peebles
16294	Jonathan Demme
16304	Brian Koppelman
16305	David Levien
16328	Adam Brooks
16356	Steve Bendelack
16378	Mary Harron
16391	Julie Taymor
16395	Gregory Nava
1642	Jean-Marc Barr
1645102	Jason Miller
16483	Sylvester Stallone
16484	Joey Lauren Adams
1650	François Truffaut
16513	John G. Avildsen
16544	Ted Kotcheff
16566	George P. Cosmatos
165787	Rich Moore
16589	Peter MacDonald
16590	Sheldon Lettich
1670361	Catherine Owens
16730	Darrell James Roodt
16745	Melville Shavelson
16767	Aki Kaurismäki
1677569	Ken Roht
16785	Peter Webber
168330	Ben Lewin
16834	Allen Coulter
168349	Shane Dawson
16837	Mark Steven Johnson
16847	Eli Roth
16848	Rob Zombie
16853	Jessie Nelson
16860	Miranda July
16863	Todd Haynes
1686666	Livingston Oden
1686667	Taylor Scott Olson
168667	Jason Moore
168798	Josh Schwartz
16888	Ralph Nelson
16919	Olivier Dahan
16927	Gérard Depardieu
16938	Renny Harlin
16957	Fenton Bailey
16958	Randy Barbato
16959	Jonathan Dayton
16960	Valerie Faris
17016	Neil Jordan
1704	Gore Verbinski
17042	Greg Harrison
17046	Gary Winick
1707	Stuart Beattie
170820	Ben Falcone
17087	Michael Moore
1708905	Pece Dingo
1710652	Anonymous
17108	Jonathan Caouette
17114	John Cameron Mitchell
17167	Andy Tennant
17183	Jackie Earle Haley
172	Michael Winterbottom
1723	Walter Hill
1724	Roger Spottiswoode
17246	Phil Morrison
1726	Steven E. de Souza
17268	Ronny Yu
17278	Nick Gomez
17279	E. Elias Merhige
17281	Mike Hodges
17295	Ning Hao
17329	Neil Burger
1734565	Jaco Booyens
17350	Kevin Macdonald
173607	Bruce Paltrow
1736589	Danny Provenzano
17386	Laurent Cantet
17397	Callie Khouri
17403	Mike Judge
17439	Mike Mills
1744	Robert Wise
17447	Terry Zwigoff
1748	William Shatner
1749	Leonard Nimoy
17494	Dennis Dugan
17510	Ol Parker
17520	Cédric Klapisch
17597	Juan Carlos Fresnadillo
17608	Rowan Joffe
17627	Lucile Hadzihalilovic
17633	Rob Marshall
17649	Alexander Witt
1769	Sofia Coppola
17698	Nancy Meyers
177532	Marielle Heller
1776	Francis Ford Coppola
17764	Charles S. Dutton
17812	Gregory Hoblit
17825	Shawn Levy
17835	Ricky Gervais
17845	Michael Meredith
17867	Tom McCarthy
17871	John Hamburg
1788	Nicholas Meyer
17883	David O. Russell
18069	Brian Gibson
18184	Xavier Gens
18204	Peter Kassovitz
18209	Claude Miller
18250	Jon Avnet
18254	Simon Wincer
18281	Donald Petrie
18308	Steve Barron
18311	Joe Roth
18320	Bronwen Hughes
18323	Marc Lawrence
18342	Todd Graff
18356	Stephen Herek
18357	Peter Hewitt
18378	Herbert Ross
185	Katsuhiro Ōtomo
18500	Phil Joanou
18525	Luc Jacquet
18532	Jérôme Maison
18533	Errol Morris
185438	Genndy Tartakovsky
18596	Taylor Hackford
185995	Michael Walker
18635	Ted Post
18669	J. Lee Thompson
1867383	Rohit Jagessar
18679	Mark Tarlov
18738	George Stevens
18823	Dagur Kári
1884	Steven Soderbergh
18844	John Madden
18854	Martin Ritt
18863	Eric Darnell
18864	Tom McGrath
18865	Louis Leterrier
18868	Jerome Robbins
18878	Rob Cohen
18889	Mic Rodgers
18897	Jackie Chan
18898	Rob Minkoff
190	Clint Eastwood
19000	Wayne Kramer
19003	Heidi Ewing
19006	Rachel Grady
19012	Davis Guggenheim
190339	Ian Iqbal Rashid
19069	Claude Chabrol
19142	Kenneth Johnson
1921	George Nolfi
19228	Jim Fall
19242	Tony Gilroy
19244	Michael Winner
1927	Blake Edwards
19271	Anthony Russo
19272	Joe Russo
19274	Seth Rogen
19303	Kevin Smith
19304	John Schlesinger
19311	Stephen Chbosky
19333	Dick Richards
193390	Jon Matthews
19346	Niels Arden Oplev
19450	Bob Rafelson
194915	Robert Bennett
19499	Kevin Munroe
19665	John Boorman
196769	Jonathan Wacks
19684	Bille August
197	David Silverman
19769	David Ayer
1978	Iain Softley
1979	Kevin Spacey
19800	Richard Marquand
19840	Alejandro Amenábar
19841	Mateo Gil
19850	Catherine Hardwicke
19866	Guillaume Canet
19969	Pat O'Connor
20019	Lee Daniels
20030	Jacques Perrin
201	Michel Gondry
20133	Tod Williams
20192	Brian Taylor
20193	Mark Neveldine
202	Charlie Kaufman
20218	Eric Bress
20219	J. Mackye Gruber
20237	Beeban Kidron
20305	Christopher Roberts
20307	Joachim Rønning
20308	Espen Sandberg
20310	Takashi Shimizu
2034	Danny Boyle
2036	Alex Garland
20400	Tim Story
20412	Michael Anderson
2042	Stephen Hopkins
204325	Jay Alaimo
2053	Bill Paxton
20561	James Gray
20629	George Miller
20640	Chen Kaige
20646	Gabriele Muccino
20657	Cristian Mungiu
20659	Marjane Satrapi
20674	Thomas Langmann
20709	Vincent Paronnaud
20739	Adam Shankman
20766	Richard E. Grant
20779	Gary Sinyor
208113	Sarah Smith
208138	Daniel Hsia
20824	Perry Andelin Blake
2087	Richard Fleischer
20907	Antoine Fuqua
20921	Monte Hellman
21031	Alejandro Agresti
21053	John Dahl
210562	Catherine Jelski
21085	Alex Proyas
21126	Frédéric Auburtin
21136	Michael Cristofer
21183	Nicolas Winding Refn
21198	Peter Sohn
212	David Cross
21217	Jonathan Lynn
21246	Corbin Bernsen
2127	James Wan
21278	Alan Alda
2128	Leigh Whannell
21305	Lloyd Bacon
21339	Jez Butterworth
21370	Roger Donaldson
21371	Amy Holden Jones
21377	Peter Medak
21394	Gerry Lively
21404	Kurt Voss
21415	Robby Henson
21475	John Putch
2150	Kevin Greutert
21506	George Sidney
21526	Rod Lurie
2163	Richard LaGravenese
21647	Gérard Krawczyk
21657	Vera Farmiga
21673	Ericson Core
21677	Barnaby Thompson
21678	Olivier Assayas
21681	Nobuhiro Suwa
21683	Oliver Schmitz
21684	Bong Joon-ho
21692	Hironobu Sakaguchi
21693	Motonori Sakakibara
2171	Griffin Dunne
21712	Carl Franklin
217174	Paul Tibbitt
217587	Leslye Headland
2176	Tommy Lee Jones
21768	Sylvain Chomet
21769	Bruno Podalydès
21771	Daniela Thomas
2178	Forest Whitaker
21792	George Gallo
21807	Billy Ray
21879	Simon Wells
21905	Danny Pang
21931	Chris Nahon
21958	Mark Rydell
21981	Harald Zwart
219861	Dinesh D'Souza
2199	Scott Frank
219961	Kim Farrant
22012	David Worth
220274	Patrick Meaney
2209	Jan de Bont
22100	Hugh Johnson
22140	Kari Skogland
221944	Katie Aselton
222098	Justin Molotnikov
22214	David Wain
2223	Fred Savage
22239	Travis Zariwny
222470	Todd Strauss-Schulson
2226	Sydney Pollack
2228	Sean Penn
223	Alejandro González Iñárritu
223098	Will Canon
223516	Benh Zeitlin
2239	Anthony Minghella
223909	Hue Rhodes
224	David Cronenberg
22423	Herb Freed
22461	Vincent Gallo
224751	Khalid Mohammed
225556	Salim Akil
22558	Nils Gaup
225887	Michel Leclerc
225898	István Szabó
225976	Dan Scanlon
2260	Steven Zaillian
226089	Scott Moore
226599	Norman Ferguson
22669	Julien Temple
22676	Ole Bornedal
22677	Max Färberböck
227438	Stephen Anderson
227439	Don Hall
227936	Benedek Fliegauf
227945	Stefan C. Schaefer
228	Ed Harris
228041	Márcio Garcia
228134	Rupert Sanders
228177	William Kaufman
228311	Keith Parmer
228643	Morgan Neville
228797	Richard Kwietniowski
229097	Lionel C. Martin
2291	Paul McGuigan
229182	Andrew Leman
229198	Russell Holt
2293	Frank Miller
229374	Marilyn Agrelo
2294	Robert Rodriguez
229568	Lisa Azuelos
229931	Asghar Farhadi
229962	Mike Thurmeier
230059	Matty Rich
230157	Dominic Burns
231345	Romesh Sharma
231431	Thomas Lilti
231521	Eric Styles
23213	Harold Becker
232190	U. Roberto Romano
232216	Carmen Marron
232858	Sarik Andreasyan
23287	Andrew Jarecki
232937	Cheryl Dunye
233519	James David Pasternak
23393	Barbet Schroeder
23430	Timur Bekmambetov
234818	Christopher Erskin
2352	Jean-Jacques Annaud
23532	Jason Bateman
235820	Christopher Spencer
23590	David LaChapelle
23677	Joe Pytka
237393	James Bidgood
237884	Andrucha Waddington
23799	Uwe Boll
2380	David Carson
238220	Oleg Stepchenko
23858	Harley Cokeliss
2388	Jonathan Frakes
23880	Steven Seagal
239418	Darren Stein
239571	Carl Rinsch
239574	Eugenio Derbez
23964	Gary Ross
23968	Phil Alden Robinson
24	Robert Zemeckis
240	Stanley Kubrick
240150	Derek Yee Tung-Sing
24045	Joseph Gordon-Levitt
2406	Mathieu Kassovitz
240740	Daniel Junge
2408	Jamel Debbouze
24173	Mike Binder
2419	Jean-Pierre Jeunet
24248	Nigel Cole
24294	Ben Younger
24318	Richard Benjamin
24481	René Féret
24528	Matthew R. Anderson
2460	Randall Wallace
2461	Mel Gibson
24657	Franco Zeffirelli
24757	Sylvio Tabet
24886	Frédéric Forestier
25210	Jeremy Leven
2523	Stuart Baird
25236	Johnnie To
25453	Stefen Fangmeier
25527	Jason Connery
25598	Paul Greengrass
25735	Christian Duguay
258199	Michael Martin
25873	Jon Cassar
2589	Terry George
25950	Jean-Paul Rappeneau
26095	John Patrick Shanley
261271	Maurice Joyce
26205	James Bobin
2632	Chris Rock
2636	Alfred Hitchcock
26481	Anand Tucker
26502	Howard Deutch
2662	Frank Capra
26648	Luis Llosa
26713	Chuck Russell
26714	John R. Leonetti
2675	Darren Lynn Bousman
26760	Tsui Hark
26767	Ringo Lam
26775	Liu Chia-Liang
2679	David Hackl
26849	Daniel Myrick
26850	Eduardo Sánchez
26875	Hideo Nakata
26882	Kiyoshi Kurosawa
2689	Jeff Nathanson
2690	Peter Weir
2691	Tom Schulman
27005	Don Michael Paul
270361	Aleksey German
2710	James Cameron
27226	Patrick Lussier
27436	Costa-Gavras
2746	Elia Kazan
27571	David Slade
2765	Nicholas Ray
27728	Leslie H. Martinson
27745	Robert C. Cooper
2778	Dennis Hopper
27846	John Herzfeld
27875	Alex van Warmerdam
27889	Stephan Elliott
27977	Leos Carax
27991	Stuart Gordon
27992	Brian Yuzna
280	Terry Gilliam
28239	David Twohy
2836	Kimberly Peirce
285452	Pete Jones
28741	Michael Rymer
2876	Matt Dillon
2880	Emilio Estevez
288712	Kurt Hale
28898	Michael Radford
28902	Gregory Widen
28904	Hugh Wilson
29009	Ken Kwapis
2917	James Whale
29214	Anne Fletcher
29226	Julian Jarrold
29342	Noel Marshall
293911	Scott Waugh
29433	Lucio Fulci
2945	Stephen Gaghan
29524	Rand Ravich
29605	Mikael Håfström
29648	Dan Curtis
29700	David Winters
29705	Jerry Belson
29783	Fred Durst
29922	Marcus Nispel
29962	King Vidor
30149	Mikael Salomon
30165	Mark Sandrich
302339	Lance Rivera
3026	Rob Reiner
30293	Arthur Rosson
303056	Craig Johnson
30365	Michael Caton-Jones
30368	Jon Kasdan
30422	Jack Smight
3045	P.J. Hogan
30458	Henry Bean
30711	Kenneth Lonergan
30715	Terrence Malick
307546	Jim Hanon
3087	Robert Duvall
30870	Dave Payne
309	Pedro Almodóvar
3092	Diane Keaton
31	Tom Hanks
31024	Betty Thomas
31033	Oxide Pang Chun
31074	Kinji Fukasaku
31093	Yvette Kaplan
3110	Allison Anders
3111	Alexandre Rockwell
31119	Sylvain White
31120	Robert Adetuyi
31211	Clive Barker
3131	Antonio Banderas
3146	Billy Wilder
31493	Alex Cox
31497	John Cromwell
31511	Grant Heslov
31621	Jeff Burr
3191	Risa Bramon Garcia
3224	Stephen Frears
3227	Steve Pink
32277	Geoff Murphy
32278	Matt Reeves
323	Curtis Hanson
32427	W.S. Van Dyke
32532	Brad Lewis
32593	Steven Brill
32765	Tony Richardson
32813	Dominique Othenin-Girard
32868	Erik Canuel
3288	Chris Weitz
3289	Paul Weitz
3290	Peter Hedges
32983	Douglas McGrath
33036	Roland Suso Richter
33054	Keith Gordon
33064	Henry Koster
33094	Gary Sherman
3317	Takeshi Kitano
33183	David Bowers
33192	Joel Edgerton
33254	Jim Gillespie
33279	Danny Cannon
33315	Richard Loncraine
33316	David Nutter
33317	David Leland
33341	Rick Rosenthal
33349	Derick Martini
33433	Scott Hicks
33485	Ron Underwood
33541	Mark Christopher
33542	Harald Reinl
3388	James L. Brooks
34110	Oren Moverman
3415	Jerry Zucker
3417	Tony Goldwyn
34453	Kevin Bray
34481	Matt Williams
3451	Mel Stuart
34517	Trey Parker
34611	Howard Zieff
34692	Craig Bolotin
34740	Edmund Goulding
34849	Ted Demme
34891	Mike Johnson
35005	Jeremy Brock
35155	John Gray
35318	Ken Annakin
35452	Corey Yuen Kwai
35453	Pierre Morel
3556	Roman Polanski
35595	Scott Foley
35689	Keenen Ivory Wayans
35694	Jason Friedberg
35734	Aaron Seltzer
35736	Karan Johar
35770	Yash Chopra
35785	Siddharth Anand
35796	Craig Mazin
36083	Kevin Allen
36147	Charles T. Kanganis
36187	Bob Gosse
3632	Richard Brooks
36422	Luke Wilson
36423	Tom Green
36425	McG
36588	Joe Wright
366	James Mangold
36602	Peter Berg
36693	Richard Eyre
36697	Gábor Csupó
36797	Robert Luketic
36804	Peter Chelsom
36805	Audrey Wells
37360	Henry Hathaway
37362	Henry King
37577	Bigas Luna
37618	Andrew Dominik
37626	Patrice Leconte
37627	Dany Boon
37630	Shekhar Kapur
37710	Peter Hyams
3776	Jean-Luc Godard
37852	George Hickenlooper
37932	F. Gary Gray
37948	Brad Anderson
38023	Michael Patrick King
38131	Sergey Bondarchuk
38516	Denys Arcand
38774	Ray Lawrence
3893	David S. Goyer
39	Sam Mendes
3905	William H. Macy
39104	Abel Ferrara
3950	Len Wiseman
3964	Patrick Tatopoulos
3974	Miloš Forman
39819	Wayne Wang
39822	Rich Cowan
39996	Sidney Lumet
40	Orson Welles
4014	Paul W.S. Anderson
40199	Anthony Mann
40220	Kevin Brodie
40223	Joe Carnahan
40230	Kevin Hooks
40243	Gil Junger
40256	D.J. Caruso
4027	Frank Darabont
40307	John Maybury
40345	Don Bluth
4037	Ron Shelton
40385	Marcia Bennett
40508	James Cox
40541	Andrea Di Stefano
4065	Fred Zinnemann
4081	Stanley Kramer
40863	Joe Swanberg
40864	Andrew Bujalski
41039	Judd Apatow
41041	Christopher Smith
4109	Michael Curtiz
41270	Chuck Bowman
41285	Kirsten Sheridan
4135	Robert Redford
41378	Kerry Conran
41530	Nick Love
41549	Andrew Fleming
41550	Andrew Bergman
41621	Tony Krantz
41670	Rebecca Miller
41671	Nimród Antal
41887	Michael Polish
42	Lars von Trier
42092	Benedikt Erlingsson
42171	Jonathan Kaplan
42175	Richard Stanley
42274	Nick Hurran
42518	Peter Care
42617	Antonia Bird
42712	Tony Giglio
42745	Steve Antin
42952	Michael Burke
42994	David Dobkin
43141	Pete Travis
4319	Stacy Peralta
432629	Shintaro Shimosawa
4339	Paul Crowder
43439	Scott Ziehl
43518	Lawrence Kasanoff
43652	Takashi Yamazaki
43673	Tom Reeve
437833	Patricia Riggen
4385	Sergio Leone
4387	François Ozon
439236	Zackary Adler
43993	Christophe Barratier
440517	Steve Taylor
44056	Fred Dekker
44113	Steve Hickner
44114	Simon J. Smith
44179	Bruce Hunt
4429	Jim Jarmusch
4453	Thomas Vinterberg
44740	Richard Shepard
4483	Dustin Hoffman
44847	David Anspaugh
44848	Angelo Pizzo
4489	Steve Oedekerk
44916	Stanley Tong
449832	Hayley Cloake
4499	Tom Shadyac
45052	Anton Corbijn
45117	John Carney
4522	Caroline Link
45405	Jay Duplass
45407	Mark Duplass
45459	Mike Cahill
455	Paul Haggis
45572	Ruggero Deodato
45627	Nelson McCormick
4586	Pitof
4590	Russ Meyer
45996	Ryûhei Kitamura
4600	Joe Dante
46076	Tom Dey
46085	Luis Mandoki
4610	John Landis
46297	Jay Russell
468	Stephen Daldry
46802	George Ratliff
47005	Alan Taylor
47201	Emily Young
4723	Brian Helgeland
47275	Lajos Koltai
47333	John Wells
47364	Greg Coolidge
474199	Alex Ranarivelo
4746	Robert Lorenz
47503	Nancy Walker
47506	Drew Goddard
4755	David R. Ellis
4759	David Kellogg
4760	Deepa Mehta
4762	Paul Thomas Anderson
47640	Clark Johnson
47773	Paul Mazursky
4780	Wolfgang Becker
4782	Michael Crichton
4786	Richard Attenborough
47893	Gary Nelson
479587	Dylan Bank
47974	Bob Spiers
48498	Mickey Liddell
48583	Anne Fontaine
486	Wallace Wolodarsky
488	Steven Spielberg
48965	Anthony Hickox
48980	David McNally
4910	Michael Clancy
492	Janusz Kamiński
4945	Joe Johnston
4955	Dario Argento
49555	Petter Næss
4956	Bernardo Bertolucci
49605	Ekachai Uekrongtham
4967	Colin Higgins
49903	Tim Hill
5010	Todd Field
5026	Akira Kurosawa
504	Tim Robbins
5045	Dan O'Bannon
50460	Michael Mayer
5058	Roger Christian
50582	Frederik Du Chau
50583	Adam Rifkin
5065	David Frankel
50651	Takao Okawara
50719	Rodman Flender
50767	Craig Gillespie
508	David Koepp
50942	Gregory Poirier
510	Tim Burton
51023	Marcus Dunstan
5125	Fatih Akin
51298	Dax Shepard
5133	Bo Welch
5140	Wes Craven
51445	Eric Valette
5149	Bonnie Hunt
51521	Robert Greenwald
51534	Lucky McKee
51600	Clare Kilner
5174	Barry Sonnenfeld
51795	Tom Elkins
518	Danny DeVito
51851	Jake Kasdan
51864	Kasi Lemmons
51866	Rick Famuyiwa
51894	Juan Antonio Bayona
51917	Larry Clark
51918	Harmony Korine
5192	Marco Kreuzpaintner
51984	Mimi Leder
51996	Brian Klugman
52038	Thomas Carter
52044	David Winning
52049	Jay Chandrasekhar
52094	Jerry Jameson
52112	Steve Carr
52114	Jon Lucas
52139	Seth MacFarlane
52159	James D. Stern
5216	Gus Van Sant
5231	Wolfgang Petersen
52358	Boaz Yakin
52371	J.S. Cardone
52405	Michael Hoffman
52443	Jason Reitman
52479	Eli Craig
525	Christopher Nolan
52576	José Padilha
52599	Justin Zackham
52609	Breck Eisner
52629	Joseph Ruben
52691	Anthony Stacchi
52701	Fergal Reilly
527607	Sean Durkin
52779	Ryan Murphy
52803	Etan Cohen
5281	Spike Lee
52842	Garth Jennings
52845	Karey Kirkpatrick
52849	Louis C.K.
52856	Hunter Richards
52870	Tim Johnson
52894	Laurence Dunmore
5292	Denzel Washington
52934	Nicholas Stoller
52935	John Francis Daley
52941	Rob McKittrick
52961	Dennis Gansel
52968	Russell Mulcahy
53014	Jessica Bendinger
5306	Lasse Hallström
53068	Ryan Fleck
53069	Anna Boden
53120	James DeMonaco
53176	John Gatins
53177	Brian Robbins
53178	Mike Tollin
53212	David Jacobson
53267	Craig Brewer
53296	Joshua Oppenheimer
53304	Peter Lord
53332	Frank Passingham
53333	John Hillcoat
53334	Jim Sheridan
5342	Mike Nichols
53431	Nadine Labaki
5345	Bennett Miller
53599	Andrew Morahan
5367	Zach Braff
53671	Rakeysh Omprakash Mehra
53708	Ira Sachs
53767	Roger Vadim
53925	Jared Hess
53935	Dito Montiel
54025	Karyn Kusama
54040	John Lee Hancock
54050	Mark Waters
54176	Nicolas Guy
54240	Tamara Jenkins
54248	Christopher B. Landon
543568	Kim Jee-woon
54441	James Ivory
5446	David Hand
54472	Martin McDonagh
544748	Caryn Waechter
54507	Jon M. Chu
545086	Beto Gómez
54525	Jaume Balagueró
54526	Paco Plaza
545261	Cassandra Nicolaou
54559	Christian Alvart
54584	Jesse Dylan
54590	Steve Rash
54597	Joe Nussbaum
54644	Joel Zwick
5469	Ralph Fiennes
54710	Jody Hill
54733	Greg Mottola
54734	Evan Goldberg
54781	Allison Burnett
54795	Troy Duffy
54827	Dave Meyers
54967	Sam Weisman
549971	Maryam Keshavarz
5501	Gary Fleder
55018	Karim Aïnouz
550280	Anna Muylaert
550681	Nick Tomnay
55075	Jeff Wadlow
550857	Tim Chambers
550858	Qasim Basir
55116	Joe Chappelle
55117	Matthew Bright
551463	Mike Flanagan
55189	Bruce McDonald
5524	Andrew Adamson
55252	Tim Miller
55265	Jonathan Silverman
55299	Mark Herman
55420	William Arntz
55421	Betsy Chasse
55439	Patricia Rozema
55441	David Boyd
55476	Nicholas Hytner
554900	Clark Baker
554946	William Sachs
554948	Chao-Bin Su
55499	Scott Derrickson
55520	Nae Caranfil
55587	Peter Stebbings
556172	J.C. Chandor
55710	Adam McKay
557179	Ed Gass-Donnelly
5572	Joel Schumacher
5575	Akiva Goldsman
557818	Jonathan Kesselman
557883	David Evans 
55789	Tate Taylor
558177	Jonathan Newman
558540	Mike Bruce
558559	Al Silliman Jr.
558929	David Robert Mitchell
559	Wally Pfister
55948	Alan Smithee
559968	Leslie Small
5602	David Lynch
56059	Patrick Read Johnson
56106	Charles Shyer
561061	Neil Nightingale
56146	Gaëtan Brizzi
56147	Paul Brizzi
56150	Ellory Elkayem
56154	Antony Hoffman
56173	Mike Marvin
56194	Paolo Sorrentino
56195	Ole Christian Madsen
56198	Ari Folman
56205	Atom Egoyan
56208	Lucrecia Martel
56263	Mary Lambert
56349	Victor Salva
56359	Lexi Alexander
56375	Amat Escalante
56381	James Toback
56383	Kelly Reichardt
564	Richard Linklater
564082	Francesca Gregorini
564083	Tatiana von Furstenberg
56411	Glenn Ficarra
56412	John Requa
56435	Stephen T. Kay
56453	John Bonito
56474	Shona Auerbach
56501	Michael Spierig
56502	Peter Spierig
56506	William Dear
56512	Tarsem Singh
565297	Jeff Newitt
56539	Nicole Holofcener
5655	Wes Anderson
565524	Chatrichalerm Yukol
5656	Noah Baumbach
56578	Jeff Tremaine
56591	Danny Leiner
566314	Brian Caunter
566328	Michael Sucsy
56660	Lorna Cook
56661	Jonathan Levine
56710	Oliver Parker
56714	Daisy von Scherler Mayer
56717	Tom Vaughan
56735	David Moreau
56736	Xavier Palud
56739	Peter Chan
567558	Joe Cross
567559	Kurt Engfehr
56789	Thomas Bezucha
568267	Klaus Menzel
56828	Christopher Cain
568322	Dan Trachtenberg
568822	Mary Pat Kelly
56891	Rachel Talalay
5690	James Algar
5691	Samuel Armstrong
56911	Les Mayfield
56913	Stephen Carpenter
56953	Gene Quintano
56956	Michael Cohn
5696	Bruce Beresford
56998	Dwight H. Little
57030	Gregor Jordan
57035	Reinhard Klooss
57055	Mitchell Lichtenstein
57082	John Stockwell
57090	Brett Leonard
57113	Dan Gilroy
57125	Greg Marcks
5713	Chris Wedge
57130	Todd Phillips
57134	James Wong
57138	Tony Bill
5714	Carlos Saldanha
57142	Andrew Marton
57154	Lance Hool
57173	Jeff Lowell
57193	Gil Kenan
57199	Mark Mylod
57206	Sally Potter
57207	Tony Jaa
57214	Prachya Pinkaew
57270	Robert Schwentke
57274	Panna Rittikrai
57328	Barry W. Blaustein
57370	Frank Coraci
57405	Jeff Schaffer
57414	Richard Montoya
57433	George Ogilvie
57434	Amy Heckerling
57436	Christopher Leitch
57446	Mark Romanek
57454	Jonathan Jakubowicz
57492	Morgan Spurlock
57521	Steve Beck
57557	Christian Volckman
57581	Neil Marshall
57594	John Cornell
57604	Joel Gallen
57607	Stephen Chow
57630	Peter Cattaneo
57633	Rawson Marshall Thurber
57646	Henry Selick
57691	Tamra Davis
57692	Neal Brennan
57741	Mark Osborne
57742	John Stevenson
57777	Darin Scott
578	Ridley Scott
57832	Daniel Lee
57865	Álex de la Iglesia
57885	Michael Wadleigh
57895	Robert Harmon
57898	William Malone
57962	Mort Nathan
57997	Malcolm Goodwin
58036	Kirk Wong
58040	Bruce Malmuth
58059	Chris Koch
58072	John Pasquin
58094	Gillian Armstrong
58137	Chris Noonan
58164	Annabel Jankel
58165	Rocky Morton
58178	David Mirkin
58189	Justin Lin
58220	Hugh Hudson
58245	Don Coscarelli
58251	Elaine May
582527	Eric England
58260	Martin Weisz
582841	Tom Seidman 
582918	Nick Murphy 
58292	Aaron Schneider
58294	George Armitage
583023	Frank LaLoggia
58316	John Fortenberry
58324	Jean-François Richet
5834	Robert Stevenson
58375	Andy Fickman
583893	Ronan Chapalain
583894	Pascal Vuong
58403	Glen Morgan
58448	Penelope Spheeris
58453	Peter Faiman
58498	Dominic Sena
58514	Jim Sonzero
585161	David Oelhoffen
58518	Blair Hayes
585272	Adam Rapp
58547	Niall Johnson
58552	Burr Steers
586002	Andrew Haigh
586066	Doug Block
58628	Sara Sugarman
58656	Doug Lefler
58667	Wayne Beach
58689	Neil LaBute
58712	Steve Miner
5872	Joshua Marston
58728	Andrei Konchalovsky
58729	Albert Magnoli
587519	Paolo Monico
5877	Vincenzo Natali
587800	Todd Lincoln 
588015	Vijay Chandar
58822	Danny Steinmann
58868	Troy Miller
588701	Des McAnuff
58897	Sam Fell
58912	Matthew Hastings
589159	Matt Piedmont
5892	David Hewlett
59	Luc Besson
59023	Stewart Raffill
59026	Peyton Reed
59126	Alister Grierson
5917	Ernie Barbarash
59210	Patrick Stettner
59229	Damien Dante Wayans
592493	David Lowery
59291	Alexandre Aja
59410	Bob Odenkirk
59412	Michael Patrick Jann
59413	Ben Garant
59466	Jamie Babbit
59521	Jaume Collet-Serra
5953	Spike Jonze
59635	Jerry Zaks
59646	Kinka Usher
59649	Michael Pressman
59803	Brenda Chapman
59841	Matt Walsh
59911	Daniele Luchetti
59923	Marc Forby
59958	Jamie Blanks
59975	Michael D. Sellers
60024	Liz Friedlander
60045	Eric Bross
60074	Jeff Garlin
60099	Gideon Raff
6011	Michael Haneke
60129	Susan Stroman
60149	Nicholaus Goossen
60237	John A. Davis
60243	Rob Schmidt
6037	Colin Strause
6038	Greg Strause
60438	Michael Landon Jr.
6046	Roland Emmerich
60496	James Gartner
60621	Jeff Franklin
607	Zhang Yimou
608	Hayao Miyazaki
60922	Josh Gordon
60923	Will Speck
61069	Miguel Arteta
61087	Mennan Yapo
6111	Mike Figgis
61111	Tara Subkoff
61175	John Whitesell
61290	Matthew O'Callaghan
61357	Geoffrey Sax
61371	Todd Edwards
61372	Tony Leech
61373	Cory Edwards
61411	Mark Dindal
61571	Barry Skolnick
6159	Ron Howard
6163	Adam Goldberg
61847	Ethan Maniquis
61848	James Dodson
61921	Courtney Solomon
61970	Ben Gluck
6198	Vondie Curtis-Hall
61983	Jason Marsden
6201	Baz Luhrmann
62020	Jack Sholder
62047	Gary Trousdale
62048	Kirk Wise
62116	Bille Woodruff
6220	Gurinder Chadha
62369	Olatunde Osunsanmi
62410	Sammo Hung
62514	Tommy O'Haver
62541	Brandon Camp
62556	Fred Walton
62721	Andrew Douglas
62768	William Brent Bell
62773	Anna Mastro
62797	John Gulager
6284	Kay Pollak
62854	Akiva Schaffer
62863	Jorma Taccone
62872	Katja von Garnier
63052	Julian Gilbey
631226	Arjun Sablok
63306	James Watkins
63477	Ryan Little
6349	Alan J. Pakula
63550	Tom McLoughlin
63571	Wilson Yip
6361	Nick Hamm
63709	Craig R. Baxley
63713	Martha Coolidge
638	Michael Mann
63820	Christian Ditter
63852	Warren P. Sonoda
63943	Rowdy Herrington
63983	Roger Nygard
640	Chris Kentis
6400	Tom DiCillo
64030	Kelly Makin
64045	Kirk Jones
64061	Fred Schepisi
64114	Edward Dmytryk
64131	Courtney Hunt
64139	Joshua Michael Stern
64140	Sanaa Hamri
64141	David Gordon Green
641437	Alex Smith
64149	Peter Hastings
64151	Mike Mitchell
64152	Robert Stevenhagen
64163	Kimble Rendall
64191	Lawrence Guterman
64194	Paweł Pawlikowski
64195	Joseph Zito
642	Laura Lau
64210	Maïwenn
64211	Franck Khalfoun
64227	Brandon Trost
6431	Darren Aronofsky
64331	Shim Hyung-Rae
6449	Warren Beatty
64508	Sidney J. Furie
64575	Laurent Tirard
646785	Kim Nguyen
64722	John Carl Buechler
64735	Rob Hedden
64743	Adam Marcus
64754	Andrew Currie
64796	Tom Holland
648	Philip Kaufman
64815	Robert Iscove
6482	John Singleton
64856	Michael Jai White
64883	Kang Je-gyu
64901	Gordon Chan
64909	Jean-Marie Poiré
6495	Mira Nair
64992	Hou Hsiao-hsien
65133	Marcus Raboy
65134	DJ Pooh
65167	Scott Cooper
65190	Philip G. Atwell
65242	Jack Perez
65298	Brian Henson
65310	Kenny Ortega
65314	Giuseppe Tornatore
65317	Jake Scott
65390	Scott Kalvert
65420	Louis Morneau
65428	Michael Haigney
65429	Kunihiko Yuyama
65452	Mike Leigh
65530	Mike Gabriel
65531	Eric Goldberg
65548	Rick Friedberg
65594	John Michael McDonagh
65615	Wych Kaosayananda
65627	Kris Isacsson
65629	Bibo Bergeron
65630	Rob Letterman
65677	Don Mancini
65678	John Lafia
656971	Joseph Dorman
65702	Kent Alterman
65734	Luke Greenfield
65855	Ralph Zondag
65856	Eric Leighton
65865	Damien O'Donnell
6593	John Huston
66022	Pascal Arnold
66039	Damon Santostefano
66088	Ronald F. Maxwell
66116	Mark Brown
66121	George Tillman, Jr.
66190	Tony Bancroft
66191	Barry Cook
66193	Chris Sanders
66203	Moustapha Akkad
66218	Jennifer Flackett
66219	Mark Levin
66222	James Fargo
664	Frank Marshall
6648	Ingmar Bergman
66496	Adrienne Shelly
66512	Tom Brady
66514	Adam Jay Epstein
66517	Andrew Jacobson
66548	Paul Weiland
66563	Fred Wolf
66604	Joe Charbanic
66605	Todd Solondz
66654	Kevin Donovan
66681	Matt Bettinelli-Olpin
66728	Jonathan Glazer
66739	Jonathan Liebesman
66777	Bob Fosse
66800	Morgan J. Freeman
66823	Joseph Kahn
66856	Guillaume Ivernel
66857	Arthur Qwak
66879	Kresten Vestbjerg Andersen
66880	Thorbjørn Christoffersen
66942	Holger Tappe
66960	Dennie Gordon
66983	Tom Kalin
67106	Robert Sarkies
6720	Joan Chen
67316	Masayuki Ochiai
6733	Dan Mazer
67367	Rian Johnson
6737	Jay Roach
67619	Guy Green
6767	Larry Charles
67717	Michel Hazanavicius
67750	Liliana Cavani
67753	Mark L. Lester
67767	Hal Needham
6778	John Guillermin
67781	Peter Kosminsky
67795	Steven Shainberg
67813	Baltasar Kormákur
67834	Floyd Mutrux
67896	Doug McHenry
67897	Jeff Kanew
67910	David Atkins
68	Fritz Lang
6818	Werner Herzog
68185	Eric Schaeffer
68212	Carroll Ballard
68215	Reginald Hudlin
68281	Justin Kerrigan
68352	Carter Smith
68412	Toshio Masuda
68457	James Frawley
68519	Andrey Zvyagintsev
68573	Walt Becker
68574	Brad Copeland
686	Willard Huyck
68750	Robert Townsend
68770	Mark Rosman
6884	Patty Jenkins
68843	Jon Hurwitz
68844	Hayden Schlossberg
688807	H.M. Coakley
68994	Ron Fricke
69099	Dan Ireland
69144	Scott Marshall Smith
69168	Leonard Farlinger
69237	Joe Berlinger
69371	Jean-Marc Vallée
69498	Mike Bigelow
69579	James Isaac
69593	Michael J. Bassett
69597	Drew Barrymore
69696	Daniel Algrant
69719	Bruno Barreto
69737	C. Jay Cox
69797	Dean DeBlois
6980	Émile Gaudreault
69801	Alan Metter
69987	Jérôme Salle
7	Andrew Stanton
70076	Russell Friedenberg
70100	Shinji Aramaki
70110	Alan Yuen
7017	Roger Michell
7018	Richard Curtis
70221	Christian Carion
70238	Chris Williams
70250	Newt Arnold
70287	Will Finn
70415	Tony Maylam
70500	Tom Hooper
70520	Shane Meadows
70573	Paul Hunter
70579	Serdar Akar
70580	Sadullah Şentürk
70616	Gerald Potterton
70651	Stephen Hillenburg
70703	Teddy Chan
70738	Gary David Goldberg
70777	Kevin Rodney Sullivan
7087	Brad Bird
70890	Adam Green
71042	Jay Levey
71068	Phyllida Lloyd
71080	Hitoshi Matsumoto
71082	Andrea Arnold
71267	Kirk De Micco
71280	Michael Dowse
7130	Scott Alexander
7131	Larry Karaszewski
71329	Jonas Åkerlund
71339	Rick Bieber
71418	Demian Lichtenstein
7145	Michael Lehmann
71527	Marco Schnabel
71548	Peter Sollett
71551	Lorene Scafaria
71555	Andrew Wilson
71570	Justin Chadwick
716	Emile Ardolino
71600	Seth Gordon
71729	Steve Martino
71797	Alex Gibney
7187	Richard Donner
71871	Sergei Bodrov Jr.
71872	Jeff Nichols
71901	Douglas Aarniokoski
7191	David Webb Peoples
71923	Shane Acker
71947	Gina Prince-Bythewood
72024	Malcolm D. Lee
72034	Jacob Aaron Estes
7213	Jonathan Mostow
72133	Vicente Amorim
72197	Ferzan Ozpetek
72205	Shari Springer Berman
72206	Robert Pulcini
72258	Steve Boyum
72320	Xavier Beauvois
72344	Asger Leth
72427	Alan Rudolph
72450	Bob Saget
72467	Thaddeus O'Sullivan
72543	Sam Firstenberg
7256	Lee Tamahori
72624	John Duigan
7270	Adrian Lyne
72757	Steve McQueen
72960	Alejandro Monteverde
73112	John Simpson
7312	Angela Robinson
7313	Steve Box
7314	Nick Park
73161	Frank Nissen
7324	Pan Nalin
73289	Conor McPherson
73460	Saul Dibb
7348	Carlos Carrera
73499	Bruce McCulloch
73588	Marc Schölermann
736	Menno Meyjes
73668	James Melkonian
73832	Jessy Terrero
73833	Bo Zenga
7395	Bobby Farrelly
7396	Peter Farrelly
7397	Ed Decter
7399	Ben Stiller
74058	Charles Ferguson
74062	Marcos Siega
74063	Daniel Taplitz
7409	J.B. Rogers
74105	Ricki Stern
74106	Anne Sundberg
74152	Christine Jeffs
74159	Robert B. Weide
74259	Brian Dannelly
7426	Duncan Tucker
74272	Goran Dukic
74297	Hendel Butoy
74298	Francis Glebas
74299	Pixote Hunt
74339	Dave Willis
74341	Matt Maiellaro
74396	Tomas Alfredson
74436	Olly Blackburn
74569	Joby Harold
74589	Chris Paine
74600	Joshua Tickell
74619	Sean Anders
74626	Dan Reed
74638	Karen Moncrieff
74655	Jeremy Saulnier
7467	David Fincher
7482	Julian Schnabel
74878	Tay Garnett
74907	Fabián Bielinsky
74924	Mabrouk El Mechri
74971	Jem Cohen
7501	Ronald Neame
75035	Olivier Megaton
75043	Peter Flinth
75544	Jeremy Sims
75646	Bryan Barber
75687	Christian Robinson
75699	Lisa Cholodenko
75882	S.R. Bindler
75919	Hal Haberman
75920	Jeremy Passmore
76009	Arie Posin
76095	Jennifer Finnigan
76100	Ben Stassen
7623	Sam Raimi
76230	Diane English
76245	Adam Carolla
76247	Charles Herman-Wurmfeld
76248	Kevin Hench
76418	Stuart Gillard
76422	Ric Roman Waugh
76447	Shimit Amin
76462	Richard Schenkman
76595	Byron Howard
76624	Shane Carruth
76705	Preston A. Whitmore II
7671	Jeb Stuart
7678	Hart Bochner
76812	Raymond Yip Wai-Man
769	Martin Brest
76927	Tommy Wirkola
76998	James Marsh
77003	Gavin O'Connor
77062	Damian Nieman
77076	Michael Corrente
77121	Randall Miller
77123	Gonzalo López-Gallego
77147	John Erick Dowdle
77162	Rodrigo García
77269	John Crowley
77273	Siddiq Barmak
77277	Nate Parker
77300	Michael Schultz
77357	Rupert Wyatt
774	Daniel Petrie, Jr.
77441	Darren Grant
77465	Ash Baron-Cohen
7767	Sam Peckinpah
7775	Stephen Sommers
77775	Marianna Palka
7791	Peter Howitt
77911	Deb Hagan
77919	Tim McCanlies
77921	Hideaki Anno
77964	Mike Barker
77965	Morten Tyldum
78001	Juraj Jakubisko
78012	François Girard
78021	Lloyd Kaufman
78023	Michael Herz
78029	Martin Lawrence
78040	Alex Kendrick
78108	Isaac Florentine
78118	Vadim Perelman
78160	Luca Guadagnino
78188	Whit Stillman
78297	Phil Vischer
78298	Mike Nawrocki
7832	Oliver Hirschbiegel
78481	Hans Canosa
78485	Jeff McGrath
78488	Cathy Malkasian
78545	Conor McMahon
78562	Phil Traill
7879	John Lasseter
7881	Jill Culton
78866	John H. Lee
78914	Noam Murro
78997	Leon Ichaso
7908	Frank Oz
7911	Joe Ranft
7930	Jan Pinkava
79434	Craig Zobel
79656	John Schultz
79726	John D. Hancock
8	Lee Unkrich
80006	Jon Knautz
80013	Trevor Matthews
80215	Charles Stone III
8023	Kyle Balda
8029	Jimmy Hayward
80307	Andy Cadiff
80384	Paul Andrew Williams
80537	Dave Borthwick
80538	Jean Duval
80540	Stig Bergqvist
80570	Walter Lang
80602	Tyler Perry
80630	Martin Koolhoven
80671	John Sanford
80691	Gary Chapman
80752	Shinji Higuchi
80923	Måns Mårlind
80924	Björn Stein
80999	Fyodor Bondarchuk
81328	Andrew Traucki
814	Tony Kaye
81476	Ariel Vromen
81718	Mamoru Hosoda
81727	Darnell Martin
81850	Duncan Jones
81853	Shigeyasu Yamauchi
81856	Nicholas Jarecki
819	Edward Norton
8193	Florian Henckel von Donnersmarck
82033	Jon Hess
82101	Robert Hall
82194	Neill Blomkamp
82219	Luis Valdez
82221	Brendan Malloy
82222	Emmett Malloy
82286	Marc Levin
82335	Richard Glatzer
82337	Wash Westmoreland
82413	Jack Conway
8246	Barry Levinson
82511	Will Gluck
82579	Kevin Tenney
82641	Paul Fox
82822	Phil Claydon
82839	Henry Alex Rubin
82840	Dana Adam Shapiro
8296	Christophe Gans
8297	Roger Avary
8300	Kevin Reynolds
83070	Scott Marshall
83198	Allan Arkush
83224	Jamie Thraves
8328	John Milius
83281	Lenny Abrahamson
83287	Lynne Ramsay
83415	Michael McGowan
83467	William A. Graham
836732	Jake Schreier
83730	Jonathan English
8392	Pascal Chaumeil
84021	Paul Gross
84061	Daniel Barnz
84113	Charles Robert Carner
84124	Tina Gordon Chism
84165	Michael Dinner
84369	Eugene Jarecki
844266	Jon Erwin
84437	Gabriela Tagliavini
84451	Leon Ford
84461	Alice Wu
84515	Katherine Brooks
8452	Andrei Tarkovsky
84697	E.L. Katz
84714	Juan José Campanella
84736	Ivan Passer
84769	Michael Worth
8482	Robert Mulligan
84833	Zach Cregger
84834	Trevor Moore
84851	Hoyt Yeatman
84931	Michael Cuesta
84962	Stiles White
84981	Brian Trenchard-Smith
8500	John Ford
85006	Kang Woo-Suk
85242	Kevin Jordan
85340	Eric Lartigau
85445	Rohan Sippy
85563	Brian Herzlinger
8557	Fernando Meirelles
8559	Kátia Lund
85675	Rajkumar Hirani
8574	Walter Salles
85822	Anthony C. Ferrante
85925	Hilary Brougher
86035	Maria Maggenti
86037	Jeff Crook
86038	Josh Crook
86051	Joshua Logan
86164	Mitch Davis
86194	James Sbardellati
86195	Peter Merwin
86203	Bart Freundlich
86262	Michael Kang
86270	Joseph Kosinski
86293	Robert M. Young
86295	Marc F. Adler
86296	Jason Maurer
8636	Cecil B. DeMille
86437	John Eng
86439	Norton Virgien
86482	Mark Tonderai
865	Michael Bay
86662	David Sington
86688	Levan Gabriadze
8685	Andrew Niccol
87033	Julie Davis
87081	Dave McKean
87082	Jim Mickle
87121	Vic Sarin
87130	Mark A.Z. Dippé
87178	Michael O. Sajbel
87183	Mark Young
87191	Billy Kent
87296	Raja Menon
87360	Michael Taliferro
87378	Ayan Mukherjee
87537	Yoon Je-kyoon
876	Jonathan Hensleigh
87742	Marc Webb
8789	Mathieu Amalric
879	Billy Bob Thornton
880	Ben Affleck
88039	Steven R. Monroe
88077	Alex Zamm
88142	Vipul Amrutlal Shah
88323	Pat Holden
884	Steve Buscemi
8843	Mick Jackson
8844	Lawrence Kasdan
88506	Joel Paul Reisig
8858	Ivan Reitman
8876	Randal Kleiser
88832	Kyle Rankin
88837	Larry Blamire
88967	Greg Berlanti
88970	Ralph Ziman
89113	John Robert Hoffman
89216	Robert D. Webb
893	Tony Scott
89395	Katherine Dieckmann
89467	Bob Giraldi
8965	Roland Joffé
89824	Jon Wright
89981	László Benedek
90	Isabel Coixet
9032	Bryan Singer
9033	Christopher McQuarrie
9039	John Ottman
90429	Mike McCoy
9048	Clark Gregg
9049	Victor Fleming
90492	Lynn Shelton
90508	Ruairi Robinson
90525	Douglas Cheek
9054	Mervyn LeRoy
90575	Daniel Schechter
90591	Oren Peli
90812	Scott Mann
909318	Andrew Erwin
9108	Don Taylor
91252	Alex Rivera
91268	Ruben Fleischer
91389	Mars Callahan
9158	Sharon Maguire
91602	Scandar Copti
91603	Yaron Shani
9168	Alan Parker
9181	Edward Zwick
9198	Vincent Ward
9200	John McNaughton
92015	Lu Chuan
92287	Alex Craig Mann
9248	Nora Ephron
92490	Edward Conna
92743	Jamin Winans
9281	Elizabeth Banks
92834	Randall Rubin
92837	Jon Schroder
928490	Camille Delamarre
928915	David Gelb
92935	Don Kempf
929825	Ava DuVernay
929917	Lee Sternthal
930212	Jon Erwin 
93022	Sol Tryon
93047	Joshua Seftel
930627	Youssef Delara
930628	Lori Silverbush
930629	Jamie Travis
930701	Marius Markevicius
930707	Colin Trevorrow
930710	James Ponsoldt
93133	Christopher Scott Cherot
93136	Charles Binamé
932013	Deryck Broom
932088	Scott Speer
93214	Steven Quale
932248	Fede Alvarez
93288	Sarah Gavron
932993	Jamaa Fanaka
93301	Jun Falkenstein
933320	Eldar Rapaport
933739	Zal Batmanglij
9339	Lilly Wachowski
934	Russell Crowe
9340	Lana Wachowski
93419	Don Scardino
934803	Josh Trank
93592	Jérôme Deschamps
936154	Stephen St. Leger
937340	Harold Cronk
937439	Salvador Carrasco
938649	Amanda Gusack
938681	James Duffy
938682	Patrik Forsberg
93905	Allan Dwan
93911	Terence Davies
939123	Kat Coiro
93916	Regardt van den Bergh
939176	Becky Smith
93991	Soi Cheang
94011	Bill Melendez
94075	David Soren
940807	Jorge Ramírez Suárez
94108	Dennis Iliadis
94155	Stefan Schwartz
942084	Mark Illsley
94220	Àlex Pastor
94222	David Pastor
942251	Rachel Perkins
94471	Jon Gunn
944713	John Stainton
94787	Joe Camp
948217	Bill Benenson
94831	Maggie Greenwald
94917	Mitchell Altieri
94918	Daniel Barber
95024	Bobcat Goldthwait
95320	Rodrigo Cortés
95458	Gary Hardwick
95550	Avi Nesher
956	Guy Ritchie
95687	Robert Kenner
957	Matthew Vaughn
95723	Richard Wallace
9577	George Roy Hill
95818	Eric Blakeney
95972	Hans Petter Moland
96166	John Curran
96172	Sam Levinson
9622	Eric Brevig
96222	Laurie Collyer
96369	Carlos Saura
96439	Nanette Burstein
96627	André Téchiné
96676	Tomm Moore
96677	Nora Twomey
96745	Stephen Milburn Anderson
968303	Javier Abad
968998	Jeta Amata
97026	John Luessenhop
971918	Tyler Oliver
974	Dexter Fletcher
97579	Guy Maddin
97591	Joel Anderson
97618	David DeCoteau
9778	Ice Cube
9789	Robert Altman
97942	Jonathan Teplitzky
97966	John 'Bud' Cardos
98094	Brett Piper
98103	Richard Ayoade
985146	Jonathan Meyers
98521	Floria Sigismondi
98541	Michael Hoffman Jr.
9855	Terence Young
9868	Peter R. Hunt
9894	Bernhard Wicki
989831	Nicholas Fackler
9915	Guy Hamilton
991853	David Rodriguez
991868	Ari Sandel
99240	Stephen Langford
99339	Ken Shapiro
99496	Raymond De Felitta
9956	Chris Marker
996070	Charles Adelman
99710	Vidhu Vinod Chopra
997560	Brett Winn
998842	Efram Potelle
999812	Bradley Parker
