Peter Fleischmann	1972
Shaji N. Karun	1994,1989
Todd Solondz	2001,1998
Gonzalo Suárez	1984
Lau Lauritzen Jr.	1946
Michel Gondry	2008,2012,2001
Tom Kalin	2007
Vincent Patar	2012,2012
Elmar Klos	1965
Nathanael Carton	2011
Nicole Garcia	2002,1986,2006,2016
Pirjo Honkasalo	1981
António Ferreira	2000
Bogdan Mirică	2016,2016,2016
Tim Hamilton	2001
Mathias Gokalp	2009
Damien O'Donnell	1999,1999
Kishore Sahu	1954
Laurie McInnes	1993,1987
Liviu Ciulei	1965,1965
Tinieblas González	1998
Henry Jacques	1956
Jean-Pierre Jeunet	1995
Lynn-Maree Danzey	1998
David Perrault	2013,2013
Laurence Boulting	1970
Daniel Auteuil	1996
Shirley Barrett	1996
Casper Wermuth	2012
Radu Jude	2014
Spiros Stathoulopoulos	2007,2007,2007
Julie Lopes-Curval	2002
Robert Altman	1977,1972,1970,1992,1987,1992,1996,1986
Stig Björkman	2015,2015
Asia Argento	2004,2014
Jean Becker	1983
Paul Thomas Anderson	1996,2002,2002
Robert Bresson	1983,1957,1957,1962,1962,1967,1967,1967,1974,1983,1962
Axelle Ropert	2009,2009
Gian Maria Volonté	1972,1983
Oliver Hermanus	2011,2011
Sławomir Fabicki	2006
Thomas Vinterberg	1998,1998,2012,2012
Alberto Cavalcanti	1954
Alistair Banks Griffin	2010,2010
Anne-Marie Miéville	1988
Bruno Merle	2007
Julian Schnabel	2007,2007
Christopher Doyle	2000
Karim Dridi	1995,2000
Maren Ade	2016,2016
Simon Cartwright	2015
Terry Gilliam	1998
Armand Gatti	1963
Joe Tucker	2007
Cate Shortland	2004,2004
Deepa Mehta	1991
Guillaume Nicloux	2015
Kazimierz Kutz	1972
Sandrine Bonnaire	2007,2008,2007,2007
Wi Ding Ho	2005,2005
Fang Song	2009
Ingrid Sinclair	1996
Jane Aaron	1987
Janus Metz Pedersen	2010,2010
Arthur Ripley	1947
Nara Normande	2014
John Sturges	1955
Stefano Mordini	2016
Boo Junfeng	2010,2010,2016
Manuel Poutte	1992,1992
Walon Green	1971
John Hillcoat	2012
Ruairi Robinson	2013,2013
Dalibor Matanić	2009,2015,2015
Fons Rademakers	1971,1961,1963
Mamoru Oshii	2004
Eric Mendelsohn	1999
Michel Brault	1975,1975,1963
Jiří Brdečka	1969
Jörg Graser	1990
Stéphane Brizé	1999,2015,2015,1999
Atsuko Hirayanagi	2017,2014,2017
David Lynch	2001,1990,2001,1999,1992
Lichuan Yin	2008
Lars von Trier	1996,1991,1984,1991,1991,2011,1991,1996,1984,2009,2005,2003,2000,1998
Lester James Peries	1957
Richard Fleischer	1959
Claire Devers	1989,1986
Henri Colpi	1963,1961,1963,1963
Jens Ravn	1969
Merzak Allouache	2012,2012,1994,1987
Rémy Belvaux	1992,1992
Alicia Duffy	2010,2001,2010,2003
David Greenspan	2001
Eduardo Calcagno	1970
Ryan Coogler	2013,2013,2013
Wong Kar-wai	2007,2004,2000,1997,1997
Ladislao Vajda	1955,1956,1954,1953,1955
Fatih Akin	2007,2007,2007,2017
Keren Yedaya	2004,2004,2004,2014,2004,2004
Nadine Labaki	2011,2011,2007,2007,2011
Ernst Marischka	1958,1957
Gabe Ibáñez	2009
Jean-Jacques Beineix	1983
Brillante Mendoza	2008,2016,2015,2015,2009,2009,2007
Joachim Lafosse	2012,2008
Sólveig Anspach	2001,2003,2016
Pekka Lehto	1981
Serge Avedikian	2010
Andrew Adamson	2001,2001,2004
Barbet Schroeder	2017,1987,2007
David Cronenberg	1996,2014,2012,2006,2005,2002,1996
Jean-Pierre Améris	2004,1996,1996,1996
Miroslav Sikavica	2016,2016
Victor Iliu	1957
Kim ki	2007,2011,2005
Víctor Urruchúa	1953
Ilian Metev	2012,2012,2012
Nikos Tsiforos	1951
Oded Kotler	1967
Hans Nieter	1956
Lima Barreto	1953,1961,1953
Raoul Coutard	1982,1970,1970
Edmond Séchan	1963
Mats Olof Olsson	1984
Peter Frye	1961
Anne Villacèque	2000,2000
Rolf de Heer	1998,2014,2006,1996
Jean Brismée	1965,1965
León Klimovsky	1951
Václav Krška	1956
Amat Escalante	2005,2005,2008,2013,2013,2005
Benjamin Parent	2012,2012,2012
Harold French	1952
Robin Lehman	1976,1976,1975
János Vadász	1965,1965
Sebastián Silva	2013,2011
Mario O'Hara	2004
Murali Nair	1999,1996,2003
František Čáp	1946
Raphaël Nadjari	2007,2013,2005
Claude Cloutier	1989
Bálint Kenyeres	2005
Cecil B. DeMille	1939
Fabien Hagège	2017,2017
Emmanuelle Bercot	2001,2015,2001,2001,1999,1997,1997
Geoff Dunbar	1975,1992
Anthony Kimmins	1947
Fred Schepisi	1989,1978
René Clément	1946,1946,1961,1954,1954,1949,1949,1947,1946
Ildikó Szabó	1993
Rick Famuyiwa	2015
Pablo Lamar	2008,2009
Zoya Akhtar	2013
Wang Bing	2007
Rebecca Zlotowski	2013,2013,2010,2010
Robert Aldrich	1963
Kurt Meisel	1959
Katia Lewkowicz	2011
Mihalis Kakogiannis	1962,1977,1962,1954,1955,1956,1958,1961,1962
Mohsen Amiryousefi	2004,2004,2004
Nils Reinhardt Christensen	1961
Zeki Demirkubuz	2002
Garri Bardin	2016,1988
Isabel Coixet	2009
Mikhail Kalatozov	1958
Lucky Kuswandi	2015,2015
Danis Tanović	2001,2001
Matthew Robbins	1974
Ugo Tognazzi	1981
Giuseppe Patroni Griffi	1969
Hans Bertram	1949
Roger Planchon	1993
Aurel Miheles	1960
Jack Thompson	1980
Caroline Strubbe	2009,2009,2009
Franz Peter Wirth	1959
S. Pierre Yameogo	2005,2005
Gabriel Axel	1987,1967,1967
Cristian Nemescu	2007,2007
Piero Tellini	1952
Yousry Nasrallah	2012
Jonathan Caouette	2004,2011,2004
Lucas Belvaux	2006
Tamaz Meliava	1964
Goran Paskaljević	1980
Roland Joffé	1986,1986
Guillermo del Toro	1993,2006,1993
Nanni Moretti	1994,1994,2015,2011,2006,2006,2004,2001,2001,1978,2015,1998
Billy Wilder	1946
Hideo Nakata	2010
Myroslav Slaboshpytskyi	2014,2014,2014,2014
Tran Anh Hung	1993,1993
Henri-Georges Clouzot	1949,1956,1953,1956
Koji Fukada	2016,2016
Rob Nilsson	1979
Julian Goldberger	2006
H. Bruce Humberstone	1946
Benito Alazraki	1955,1955
Lee Grant	1952
Marcell Iványi	1996
Emilio Fernández	1949,1953,1946
Frida Kempff	2010,2010
Terrence Malick	2011,1979,1979
Kristian Levring	2000
Masaki Kobayashi	1963,1965,1969,1965,1963
Sven Nykvist	1986
Denis Villeneuve	2008,2008,2015,1998,2009
Mani Shankar	2002
Marcela Said	2013,2017
Mike Leigh	1993,1996,1993,1996,2002,2010,2010,2014
Oliver Laxe	2010,2016,2010,2010
Chantal Akerman	2007,1999,2000
György Fehér	1998
José Luis Rugeles	2015
Karan Johar	2013
László Nemes	2015,2015,2015,2015,2015
Antonio Mendez Esparza	2012,2012
Patricia Mazuy	2000
René Féret	1977
Bodil Ipsen	1946
Daniel Mangrané	1952
Edward Yang	2000,2000,1994
Emmanuel Finkiel	1999
Maïwenn	2011,2011,2015
Narendra Suri	1959
Rajko Grlić	1978
Sana Na N'Hada	1994
Tim Burton	1995
Annemarie Jacir	2008,2008
Keigo Kimura	1955
Liv Ullmann	2000
Martin Ritt	1958,1983,1979,1979
Mimmo Calopresti	1996
Erik Løchen	1960
Curtis Hanson	1997
Cédric Louis	2006
Hiner Saleem	2005,2013
Jane Campion	1986,1989,1993,2009,2013
Patrice Chéreau	1998,1994,1983,1994
Peter Weir	1983
Tamas Fejer	1963
Shira Geffen	2014,2007,2007,2007,2007
Tony Krawitz	2005,2005
Alexander Kluge	1976
Erik Rosenlund	2007
Curzio Malaparte	1951
Fyzal Boulifa	2012,2015,2015
Gianni Amelio	1992,1992,1992
Lynne Ramsay	1996,1998,1998,1999,2002,2002,2011,2017,2017,1996
Zlatko Bourek	1965
François Ozon	2017,2013,2005,2003
Nicholas Hytner	1995
Timothy Reckart	2012
Emilie Verhamme	2012
Michel Piccoli	1980
Mihai Iacob	1961
Bernardo Bertolucci	1996,2011,1981
Chuck Jones	1966
Ezra Mir	1954
Francis Ford Coppola	1974,1967,1974,1979,1979,2009
Dániel Erdélyi	2008
Oliver Schmitz	2010,2010,2001
Albert Serra	2006,2006,2008
Erik Balling	1957
David Thewlis	1993
Joe Massot	1966
Zbigniew Rybczynski	1987
Ana Katz	2007
Augusto Genina	1954
Bennett Miller	2014,2014
Eric Khoo	2011,2008
João Pedro Rodrigues	2009,2005,2005
Faouzi Bensaïdi	2003,2000,2003,2003,2003
Kirsten Dunst	2011
Eduardo Sánchez	1999,1999,1999
Jack Cardiff	1960
Michel Khleifi	1987
Franco Prosperi	1962
Tommy Lee	2005,2014,2005
Álvaro Aponte Centeno	2012
Igor Kovalyov	1990
Bartabas	1993
Buzz Kulik	1972
Herbert Vesely	1962,1961,1961
Cam Archer	2010
Carlos Carrera	1994
Gilles Coulier	2010,2013
Otto Preminger	1970,1955,1962
Julio Médem	1996,1993,2012
Alexander Payne	2013,2002
Atom Egoyan	2014,1994,1994,1997,1997,1997,1997,1999,2005,2008,2008
Miguel Morayta	1954
Nana Dzhordzhadze	1987
Marie-Christine Questerbert	2000
Ousmane Sembene	2004,2005,2004
Sylvain Chomet	2003
Hans Weingartner	2004
Lina Chamie	2007
Marc Levin	1998
Robinson Devor	2007
Simão Cayatte	2011
Taylor Sheridan	2017,2017,2017
Jim Jarmusch	1986,2016,2016,2013,2008,2005,2005,2002,1999,1995,1993,1989,1989,1984
Laurent Larivière	2015,2015
Gérald Frydman	1976,1991,1984,1981,1976
Kirio Urayama	1962
Sérgio Machado	2005
Bruno Romy	2011
Zdravko Velimirović	1961
Bassek Ba Kobhio	2003
Daihachi Yoshida	2007,2007
Elie Wajeman	2012,2012
Erick Zonca	1998,1994
Jean-Gabriel Albicocco	1963
Dale Heslip	2003,2003,2003
Eva Ionesco	2011,2011
Miguel M. Delgado	1946
Ryan Gosling	2014,2014
Andrzej Munk	1960,1964,1964
Guy Green	1961
Kunitoshi Manda	2001,2004
David Lean	1946,1966,1949
Alain Resnais	2012,2009,1980,1980,1980,2009,1974,1959,2014
Sally Aitken	2017
Hallvar Witzø	2014,2014
Radu Muntean	2008,2010,2015
Robert D. Webb	1954
Walter Hill	1980
Charles Chauvel	1955
Humberto Solás	1982
Johnnie To	2005,2009
Sidney J. Furie	1965
Angela Schanelec	1998,2004
Fernanda Teixeira	2008
Juliet Berto	1981,1981
Kari Juusonen	2001,2001
Pierre Schöller	2011,2011,2008,2008
Sally Sussman Morina	2016,2016
Veit Helmer	1995
Jean-Henri Roger	1981
Pupi Avati	2003,1993,1991
Ethan Hawke	2001
Juliana Rojas	2007,2011,2011,2012,2012,2005
Anton Corbijn	2007,2007,2007,2007,2007,2007
Egon Günther	1975
Marcel Carné	1951
Barry Dignam	2001
Francis Reusser	1985
Hiroyuki Nakano	2006
Larry Clark	1995,1995
Marco van Geffen	2007
Frank Miller	2005
Jules Dassin	1957,1978,1960,1957,1955,1955
Meryll Hardt	2014
Adriano Celentano	1975
Agustí Villaronga	1989
Peter Sollett	2002,2002,2000
Vicky Jenson	2001,2001
Adolfo Celi	1951,1952
David Sandberg	2015,2015
Gian Carlo Menotti	1952,1952
Rudolf Mestdagh	1993
Damien Manivel	2012
Ramin Bahrani	2007
Stephen Hopkins	2004
François Dupeyron	2001
Bernard Taisant	1958,1958
David Fincher	2007
Frank Pavich	2013
Guillermo Rocamora	2008
Sean Durkin	2011,2011,2011,2010
José Antonio Nieves Conde	1951,1952
André Cayatte	1954,1952,1954,1954,1952,1955,1949
Kanu Behl	2014,2014
Fabienne Berthaud	2010
Jake Kasdan	1998
M.S. Sathyu	1974
Mario Craveri	1955,1955
Faith Hubley	1989,1975,1989,1978,1961,1980
Jack Kinney	1946
Thomas Clay	2008
Xavier Beauvois	2010,2010,2010,2010,1995,1995
Hassan Yektapanah	2000
Leos Carax	2012,2008,1999,1984,2012
Maria Steinmetz	2011
Joseph Cedar	2011,2011
Marco Bellocchio	2002,2002,1999,1997,1984,2006,2009,1980
Lola Doillon	2007,2007
Moufida Tlatli	1994
Gregorio Graziosi	2007
Nicolas Pariser	2013
Grigoriy Chukhray	1960,1957,1965,1957
Jacek Gasiorowski	1985
Pernilla August	1992
Stephan Elliott	1993
Jean Chapot	1972
Jerzy Kucia	1987
Matthias Müller	2006
Glenn Ficarra	2009,2009
Jean Mitry	1949
Pippa Bianco	2015
Anna Campion	1991
François Bel	1976,1970
Moussa Touré	2012
Siegfried	1998
Roberto Minervini	2015,2015
Ryszard Bugajski	1990
Stanley Donen	1957
Teinosuke Kinugasa	1959,1959,1953,1954
Anibal Massaini Neto	2005
Fabio Grassadonia	2013,2013,2013
Miklós Jancsó	1966,1972,1972,1975,1976,1979
Vadim Glowna	1981
Carlos Velo	1967
Charles Vidor	1946
Jacques Tati	1958,1958,1953
Szabolcs Hajdu	2006
Alejandro Fernández Almendras	2009,2009
Juan Antonio Bayona	2007
Fábri Zoltán	1959,1956,1961
Jan Švankmajer	1965,1974,1989,1965
Anjelica Huston	1996,1999
Djinn Carrenard	2014
Gilles Jacob	1987
Glauber Rocha	1977,1964,1967,1967,1969,1969,1977
Roman Polanski	2002,1976,2013
Philippe Garrel	1984,2017,2008
Tawfik Abu Wael	2004,2004
Im Kwon-taek	2002,2002,2000
Sylvain Madigan	1981
Yury Bykov	2013
Jeanne Labrune	1992
Miguel Gomes	2008
Bill Duke	1991
Irving Pichel	1949
Lana Gogoberidze	1984
Luis Puenzo	1985,1985
Rodrigo García	2000
Vlatko Gilić	1977
Bob Hoskins	1986
Chris Menges	1988,1988,1988
Patrick Grandperret	2006
Philippe Rousselot	1997
Reinaldo Marcus Green	2014
Brandon Cronenberg	2012,2012
Olivier Assayas	2014,2004,2002,2000,2016,2016
Percy Adlon	1989
Rie Rasmussen	2004
Stephen Quay	1986
Jacques Baratier	1958,1958
Robert Amram	1971
Guðmundur Arnar Guðmundsson	2013,2013
Bent Hamer	2008,1995,2005
Josef von Báky	1949
Raymond De Felitta	1995
Arliss Howard	2001
Stephan Komandarev	2017
Daniel Myrick	1999,1999,1999
Derek Cianfrance	2010,2010
Emmanuel Carrère	2005
José Ramón Larraz	1974
Mathieu Amalric	2010,2010,2017,2014,2003,2017,2010
Yared Zeleke	2015,2015
Jacques Audiard	1996,2015,2009,2009,1994,2012,1996
Jean Eustache	1973,1973,1973
José Bohr	1954
Kenneth Branagh	1993
Costa-Gavras	1982,1969,1969,1975,1975
Patrice Leconte	1996,1989
Ariane Mnouchkine	1978
Yaron Shani	2009,2009,2009
Byoung-Gon Moon	2011,2013
Hamilton Luske	1946,1953
Marian Handwerker	1974
Martin Scorsese	1976,1986,1986,1983,1975
Alan Bridges	1973,1982
Cristi Puiu	2010,2005,2016,2001
Julien Temple	1987
Krzysztof Zanussi	1971,1980,1980,1980,1978,1978
Mong-Hong Chung	2008,2008
Niki Lindroth Von Bahr	2017
Ross McElwee	2003
Dennis Hopper	1969,1980,1969
Georgina Willis	2003,2003
Katrin Gebbe	2013,2013
Louis Daquin	1958,1946
Pavel Hobl	1961
Ulrich Schamoni	1966
Ágnes Kocsis	2010,2006,2010
Louis Malle	1978,1956,1969,1978,1971
Walerian Borowczyk	1975
Emmanuel Bourdieu	2006,2006,2006
Samson Samsonov	1963,1963
Ang Lee	2009,1997
Erik Matti	2013
Ivan Vesselinov	1972
Fisher Stevens	2016
Karl Markovics	2011,2011,2011
Sandra Kogut	2007,2007
Apichatpong Weerasethakul	2004,2007,2015,2010,2002,2004
Gaspar Noé	1998,1991,2002,2009,2012,2015,1998
Jack Lemmon	1982,1979
Joseph L. Mankiewicz	1951,1949,1951
Margot Benacerraf	1959
Mike van Diem	1997
Sergio Castellitto	2004,2017
Ted Kotcheff	1971,1985
Irving Rapper	1946
Spike Lee	2002,1999,1991,1986,1986,1989,1991
Tsai Ming-Liang	2009,1998,2001,1998
Wolfgang Staudte	1957,1961
Cesc Gay	2000
Marie Amachoukeli	2014,2014,2009,2014,2014
Peter Bogdanovich	1985
Naomi Kawase	2014,2017,2017,2015,2011,2009,2007,2007,2003,1997
Cher	1985
Ghassan Salhab	2002
Yervant Gianikian	2004
Curtis Bernhardt	1947
Kadri Kõusaar	2007,2007
Francesca Archibugi	1993
Francisco Vargas	2006
Johan Jacobsen	1946
Federico Veiroj	2008,2008
Fernando Meirelles	2008
King Hu	1975,1975
Luigi Zampa	1973
Michel Drach	1974,1970
Nicole Kassell	2004,2004
Rachid Bouchareb	1991,1991,2006,2006,2010
Adrián Caetano	2001,2006
Idrissa Ouedraogo	1989,1989,1990,1990,1997
James Franco	2013
Michael Dinner	1983
Robert Siodmak	1954
Zako Heskiya	1965
Abdellatif Ben Ammar	1970
Gastón Margolin	2011
Abdellatif Kechiche	2013,2013,2013
Dean Stockwell	1959,1962
Dominique Delouche	1979
Louis Garrel	2015,2015
Vanessa Redgrave	1966,1969,2017,2017
André Novais Oliveira	2015,2013
Barthélémy Bompard	1990,1990
Jan Troell	1977
Grímur Hákonarson	2015,2005
Jean-François Stévenin	2002
Tony Gatlif	2004,1993,2004
Alberto Lattuada	1957,1946,1947,1952
Csaba Varga	1986
Daniel Borgman	2009,2010,2010
Souleymane Cissé	1987,1995,1987,2015,1987
Urszula Antoniak	2011
William Wyler	1952,1965,1957
Asif Kapadia	2015,2015,1998
Henri Verneuil	1964
Éric Rohmer	1976,1976,1969
Andrzej Wajda	1979,1978,1957,1981,1957,1981,1979,1966,1969,1970
Alberto Vázquez	2016
Edo Bertoglio	2000,2000
Kon Ichikawa	1960,1960,1964,1961,1961
Sebastián Lelio	2009
Céline Sciamma	2007,2014,2007
Emmanuel Gras	2017,2017,2017
Preston Sturges	1951
Robert M. Young	1978,1978
Wendy Tilby	1999
Zou Peng	2011
Mouly Surya	2017
Ruth Mader	2001,2003
Gudrun Parker	1946
João Nicolau	2013
Tristan Aurouet	2003
Claire Burger	2014,2014,2014,2009,2008,2014
Sylvie Verheyde	2012
Kostas Manoussakis	1965
Don Hertzfeldt	1999
Robert Ellis Miller	1970
Shiro Toyoda	1958
Topaz Adizes	2011
Michael Spiccia	2012
Mohammed Lakhdar-Hamina	1986,1982,1975,1967,1967
Ahmed Badrakhan	1952
Evald Schorm	1969
Nicole Vedres	1947
Nino Manfredi	1971,1971
Wayne Blair	2012
Arne Sucksdorff	1965,1952,1954,1954,1954,1958
Bertrand Bonello	2003,2001,2014,2014,2011,2008
Chetan Anand	1946
Eric Rochant	1994
Hervé Bromberger	1951
Neeraj Ghaywan	2015,2015,2015,2015
Wim Wenders	1977,1976,1976,1982,1984,1984,1984,1987,1987,2014,2014,2014,2014,2008,2005,2002,1997,1993,1993
Montxo Armendáriz	1995
Roberto Santiago	1999
Glendyn Ivin	2003
Béla Tarr	2005,2007,2000
Lodge Kerrigan	1998,2010,2005,1994
Marco Berger	2008
Aleksander Ford	1954,1954,1965,1954
Ashim Ahluwalia	2012
Bruno Podalydès	2012
Jurgis Karsons	2010
Laetitia Masson	1998
Pier Paolo Pasolini	1974,1974,1966,1958
Theo Angelopoulos	1995,1998,1995,1995,1991,1984,1975,1984,1984,1977,1998
Dan Hodgson	2015
Juanjo Giménez Peña	2016
Luc Jacquet	2015
Lucian Pintilie	1996,1994
Takeshi Kitano	1999,2010
Yaelle Kayam	2009
Olivier Jahan	1994,2000,2000
Alejandro González Iñárritu	2000,2010,2006,2006,2006,2000,2000
Arturo Ripstein	1974,1998,1994,1999
Julie Bertuccelli	2003,2003,2003
Lordan Zafranović	1979
Rungano Nyoni	2017
Kjell Grede	1970
Andrew Hulme	2014,2014
Edouard Niermans	1976,1992
Harry Kümel	1972
Alison Maclean	1992,1989
Asaf Korman	2014
Darezhan Omirbayev	2012,2001,1998
Hanna Schygulla	1983
Leyla Bouzid	2016
Bingjian Liu	2002
Ilya Kopalin	1961
Liliana Cavani	1989,1974,1981
Delphine Gleize	1999,2002,2002
Gust Van Den Berghe	2011,2010,2010
John Polson	1999
Александр Хван	1993
Andrei Cretulescu	2015,2015,2015
Delbert Mann	1955,1957,1958,1959,1955
Ermanno Olmi	1978,1963,1963,2001,1978
René Múgica	1965,1961
Valérie Donzelli	2015,2011,2015
Florence Miailhe	2006,2006
Jonas Geirnaert	2004,2004
Kurt Jung-Alsen	1957
Nadia Conners	2007
Siddiq Barmak	2003,2003,2003,2003
Sándor Reisenbüchler	1973,1973
Tommy Lee Jones	2005,2014,2005
Lionel Baier	2015
Marco Ferreri	1973,1969,1964,1978,1978,1983,1963,1986,1991,1973
Norman Hull	1988
Peter Foldes	1977,1974,1974
Djibril Diop Mambéty	1992
Lee Robinson	1956
Semih Kaplanoğlu	2007
Katell Quillévéré	2010,2010
Conrad Vernon	2004
Grigori Kozintsev	1957
Irvin Kershner	1961,1961
Julia Loktev	2006,2006
Pedro Pio Martin Perez	2010
Benjamin Heisenberg	2005,2005
Benito Perojo	1947
Daniel Vega Vidal	2010,2010,2010
Hugh Hudson	1981,1989,2000,1981
Mike Figgis	1994
Paolo Taviani	1977,1993,1982,1982,1977,1982
Yolande Moreau	2013
Zahari Zhandov	1957
Esther Rots	2002,2003
Marialy Rivas	2010
Géza M. Tóth	2008
Manuel Antin	1970,1963
Dimitar Mitovski	2007
Pablo Larraín	2008,2012
Renato Castellani	1952,1952
Yi'nan Diao	2007
Aki Kaurismäki	2016,1996,1996,2002,2002,2002,2002,2006,2011,2011,2011
Anders Morgenthaler	2006
Ronit Elkabetz	2010
Andrés Wood	2004
Carole Laure	2004,2002
Pablo Reyero	2003
Alex Proyas	1994
Boris Lojkine	2014,2014,2014
Im Sang-soo	2010,2012
Flora Lau	2013,2013
Yves Boisset	1977
Trey Edward Shults	2015,2015
Kornél Mundruczó	2004,2008,2017,2008,2005,2014,2010
Cavi Borges	2010
Daniela Thomas	2008
Claude Duty	2002
Jean-Claude Lauzon	1992
Maya Dreifuss	2005
Richard Heslop	1992
André Leduc	1981,1981,1990
Giuseppe De Santis	1949
Mohamed Diab	2016
Pedro Aguilera	2007,2007
Simone Bitton	2004
Walter Hugo Khouri	1965,1970
Gérard Depardieu	1990
Jan Bonny	2007,2007,2007
Károly Makk	1971,1987,1982,1982,1978,1974,1971,1971,1955
Anthony Asquith	1951,1958
Rufus Norris	2012
Douglas Sirk	1939
Gérard Guérin	1982
Noémie Lvovsky	2000,2012,2012
Kirill Mikhanovsky	2006
Rao Heidmets	1989
Rik Kuypers	1956
Børge Ring	1978,1978
Helmut Käutner	1954,1949,1954,1955,1954
Michael Haneke	2000,2017,2012,2009,2009,2009,2009,2005,2005,1997,2005,2005,2000,2001,2001
Raymond Red	2000
Sébastien Lifshitz	2016,2016,1998
Valeria Bruni Tedeschi	2013,2007,2007
Abbas Kiarostami	2010,2010,1994,1997,2002,2004,2012
Daniel Tinayre	1951
Ettore Scola	1970,1980,1980,1981,1982,1987,1977,1989,1976,1976
Ricardo Alves Jr	2011
Sean Penn	1997,2001,2016
Bruno Gebel	1958
Michèle Cournoyer	2004
Tim Robbins	1992,1999
Yulene Olaizola	2012
Clément Cogitore	2015,2015,2015,2015
Francesco Rosi	1997,1965,1972,1987
Juan Padrón	1986
Rúnar Rúnarsson	2011,2008,2011
Walt Disney	1953,1946,1954
Ena Sendijarević	2016
Noboru Nakamura	1952
John Hubley	1961,1967,1978,1978
Kyros Papavassiliou	2007
Matthias Luthardt	2006,2006
Ruy Guerra	1983,1989,2000
Hong Won-chan	2015
Andrei Konchalovsky	1986,1987,1994,1979,1979
Ziya Demirel	2015
Anthony Simmons	1977
Gilbert Prouteau	1953
José Leitão de Barros	1946
José Val del Omar	1961,1961
Manfredo Manfredi	1969
Martin Frič	1951,1955
Roy Andersson	2000,2007,2000
Désiré Ecaré	1985
Marion Hänsel	1995,1995
Rachid Djaïdani	2012,2012,2012
Clu Gulager	1970
Gérard Brach	1971
Laurent Cantet	2008,2017,2012
Louis-Do de Lencquesaing	2012,2012
Michael Schultz	1977,1977
Ritesh Batra	2013,2013,2013
Robert Mulligan	1963,1963,1974
Kim Rossi Stuart	2006,2006
Oldřich Lipský	1962
Prakash Arora	1955
Raj Kapoor	1953
Jerry Schatzberg	1989,1971,1973,1973,1976
Marco Tullio Giordana	2003,2005,2005,2008
Félix Moati	2016
Gian Gaspare Napolitano	1953,1953
José Luis Sáenz de Heredia	1957,1954
Nancy Buirski	2015
Nicholas Chin	2002
Sally Field	1979
Yann Gonzalez	2013,2017,2013
Salah Abouseif	1954,1949,1956
Ben Safdie	2017,2009
Marco Martins	2005,2005,2005
Juliano Ribeiro Salgado	2014,2014,2014,2014
Ken Russell	1974,1974,1987
John Weldon	1990
Hagar Ben-Asher	2007,2011,2011
Slavko Vorkapich	1956
Stanislav Barabáš	1961
Raymond Rouleau	1962,1962
Gheorghe Naghi	1960
Hitoshi Matsumoto	2007,2007
James Toback	2008,2008
Jia Zhangke	2008,2002,2010,2013,2013,2015,2015
Luis Buñuel	1960,1960,1961,1959,1962,1959,1953,1952,1951,1951
Ounie Lecomte	2009
Nicolas Wadimoff	2012
René Persin	1955
Orson Welles	1966,1952,1966,1959,1966
Paul Negoescu	2012
E. Elias Merhige	2000
Jean-Louis Trintignant	1969
Marina Diaby	2015
Miloš Makovec	1957
Belma Bas	2006
Dominique De Fazio	1983
Chen Kuo-Fu	2002
Nikos Papatakis	1963
Alexander Nanau	2016
Arnon Zadok	1996
Chloé Zhao	2015,2017
Auraeus Solito	2011,2011
John Paskievich	1982
Pablo Trapero	2012,2010,2008,2002
Daniele Luchetti	1991,2010,2007
Georges Schwizgebel	1987,1971,2004
Jean-Louis Roy	1967
Pitof	1994
Gilles Bourdos	2012
Jasmin Dizdar	1999
Shane Black	2005
Alejandro Landes	2011
Dover Koshashvili	1999
Kelly Asbury	2002,2004
Koji Shima	1956
Pierre-Henry Salfati	1983
Henning Carlsen	1975,1961,1966
Lav Diaz	2013
Pierre Jallaud	1985
David Pablos	2015
Murad Ben Cheikh	2011
Robert Duvall	1998
Chloé Robichaud	2012,2013,2013
Mathieu Vadepied	2015
Christine Jeffs	2001
Damien Odoul	2004
Marcel Camus	1959
Pen-Ek Ratanaruang	2009,2007
Frixos Iliadis	1952
Gilles Lellouche	2003
Adam Leon	2012,2012
Adolfo Alix Jr.	2013
Lewis Gilbert	1966,1966
Peter Tscherkassky	2015,2015
Greg Mottola	1996
Marc Caro	1995
Sameh Zoabi	2005
Ana Luiza Azevedo	2000
Cédric Babouche	2005
Gus Van Sant	2003,2005,2015,2011,2007,2003,2003,2007
Julio Bracho	1952
Patrick Vollrath	2015,2015
Tizza Covi	2009,2009
Agnès Varda	2010,2017,1962,1958,2015
Andrucha Waddington	2000
Jean-Pierre Sentier	1991
Kurt Hoffmann	1958
Seiji Hisamatsu	1955
Allen Hughes	1993
Bernard Émond	2003,2001
Jacques Séverac	1962
Lola Kirke	2015
Gilles Carle	1989,1980,1973,1972
Stefan Constantinescu	2012
Erik Skjoldbjærg	1997
Jean-Stéphane Bron	2010
Maria Guskova	2015
Rodney Ascher	2012,2012
Takis Kanellopoulos	1963
Arnaud des Pallières	2013
Thorold Dickinson	1949,1955
Bruce Beresford	1980,1983,1986,1987
Guillermo Arriaga	2005
Linus Tunström	2000
Adam Davidson	1990
Annarita Zambrano	2017,2017,2013
Louise-Marie Colon	2001
Lubomír Beneš	1981
Stefan Krohmer	2006
Abderrahmane Sissako	2014,2014,2014,2003,2002,2002
José María Gutiérrez Santos	1969
Lev Atamanov	1955
Stanley Tucci	1998
Alfred E. Green	1947
Jan Komasa	2004
Manuel Poirier	1997,1997
Marian Crișan	2008
René Laloux	1973,1973
Cédric Kahn	2001,1994
Matt Ross	2016,2016
Pascal Aubier	1986
Rauni Mollberg	1978,1991,1986
Astrid Henning-Jensen	1960,1960,1949
Jack Clayton	1962,1959,1964
Raúl De la Torre	1986
Sergei Dvortsevoy	2008,2008,2008,2008
Emile Degelin	1960
Gary Oldman	1997,1997
Gaëlle Denis	2014,2014
Ilya Averbakh	1973
Mehdi Charef	1992,1992,1985
Robert Cormack	1946,1946
David Robert Mitchell	2010,2010,2014
Ettore Giannini	1954,1954
Hal Hartley	1992,2001,1998,1998
Sam Taylor-Johnson	2008
Carlos Serrano de Osma	1952
Aleksey Batalov	1955
Georges Nasser	1957,1962
Nimród Antal	2004,2004
Albert Hughes	1993
Aleksey German	1998
Clément Tréhin-Lalanne	2014,2014
George More O'Ferrall	1953
Ridley Scott	1977,1977
Vincent Gallo	2003
Emmanuel Salinger	1989
Mahmoud Zemmouri	1981
Nino Quevedo	1971
Souad El-Bouhati	2000
Olivier Masset-Depasse	2010,2010
Peter Del Monte	1982
Rosto	2005
Dalton Trumbo	1971,1971,1971
Eivind Tolas	2003,2003,2003
Jacques Rivette	2001,1991,1991,1991,1966
Juan Antonio Bardem	1955,1965,1958,1953,1954
Karen Shakhnazarov	1991
Levan Zaqareishvili	2005
Dito Tsintsadze	2000
Pedro Pinho	2017
César Augusto Acevedo	2015,2015,2015,2015,2015
Ildikó Enyedi	1989
Luigi Comencini	1979,1974,1946,1967
Yann Piquer	1988,1988
Aurelio Grimaldi	1994
Boyan Danovski	1956
Robert Thalheim	2007
Yuliya Solntseva	1961,1961,1961
Gillian Armstrong	1979
Monique Dartonne	1986
Walter Kolm-Veltée	1949
Jessica Hausner	1999,2014,2004,2001,1999
Neil Jordan	1986
Andrea Arnold	2016,2009,2016,2016,2009,2006,2006
Ivan Sen	2011
Jiří Trnka	1959,1959,1946
Pablo Stoll	2012,2004,2004,2004
Albert Lamorisse	1965,1956,1967,1953,1967,1965
Diego Vega Vidal	2010,2010,2010
Pedro Almodóvar	1999,2006,2006,2009,2011,1999,1999,2011,2011,2016
Robert Pulcini	2003,2003
Shahrbanoo Sadat	2016,2016
Danny Pang	2006
Frédéric Back	1987
Minoru Shibuya	1953,1956
Benoît Jacquot	2016,1998,2004
Franco Brusati	1970
Charles F. Schwep	1961
Peter Greenaway	2003,1987,1988,1988,1999
Andrew Cividino	2015,2015
Steve Buscemi	1996
Andreas Dresen	2008,2008,2011
Micha Wald	2007,2004,2007
George Seaton	1954,1955
Paul Vecchiali	1978,2016,2004
Bénédicte Liénard	2002,2002
Franco Lolli	2014,2014
Tim Roth	1999,1999
Carmelo Bene	1973
François Jaros	2016
Markus Schleinzer	2011,2011
Ninja Thyberg	2013,2013
Tudor Cristian Jurgiu	2013
Vasili Pronin	1961,1958
Andrzej Żuławski	1981
Bakur Bakuradze	2008,2011
Lotfi Achour	2016
Marcell Jankovics	1977
Andrey Zvyagintsev	2011,2014,2017,2017,2014,2007,2011
Francis Thompson	1959
Elaine Proctor	1993,1993,1993,1993
Guylaine Dionne	2000,2000
Cherien Dabis	2009,2009,2009
Felix Van Groeningen	2009,2009
Franco Zeffirelli	1986
Jacques Feyder	1939
David Mamet	1999,1991
Jaime Chávarri	1980
Ronald Neame	1969,1956
George Roy Hill	1972,1972,1964
Joel Schumacher	1993
Karim Aïnouz	2002,2002,2011,2011
Márton Keleti	1957,1947,1951,1954
Aleksandr Ptushko	1946,1946
Ely Dagher	2015
Edgar Neville	1953,1953
Jonne Severijn	1969
Robin Davis	1975
Corneliu Porumboiu	2006,2015,2009,2009,2015,2006,2004,2006,2009
Dang Di Phan	2010,2010,2010,2010
Ben Sharpsteen	1947
Carlos Saura	1976,1960,1973,1974,1974,1988,1983,1983,1983,1978,1977,1976
Gregor Jordan	1995,1995
Osbert Parker	2006
Álvaro Brechner	2009,2009
Henri Storck	1952,1971
Haralambie Boros	1956
Guillermo Rendón	1996
Rustam Khamdamov	1991
Sadao Imamura	1957,1957
Stephen Frears	1987,1996
Yves Allégret	1962
Jean Dréville	1953,1953,1949
Jon Shenk	2017
Aktan Arym Kubat	2010
Gaël Morel	2007
Jean-Stéphane Sauvaire	2008,2008
Oskar Roehler	2000
Reza Parsa	2002
Valeria Golino	2013,2013,2013
Vimukthi Jayasundara	2011,2011,2005,2005
Doug Liman	2010
James Marsh	2005
Philippe Falardeau	2006
Taieb Louhichi	1982
Daniel Petrie	1961,1961
Lucile Hadzihalilovic	1996
Péter Gothár	1995,1982
Claire Denis	2017,2013,1988
Daniel Raim	2015
Mark Herman	2000
Mircea Mureșan	1966,1966
Henri Decoin	1949,1947
Sergey Loznitsa	2012,2017,2010,2010,2012
Jean van de Velde	2009
Pablo Giorgelli	2011,2011,2011,2011,2011
Eldar Shengelaya	1964
Fina Torres	1985,2000
Aleksandr Alov	1971
Alfredo B. Crevenna	1956
Claire Simon	2008,2008
Elisabeth Kapnist	2015
Jack O'Connell	2015
Manoel de Oliveira	2001,1997,2002,2008,2010,1997,1995,1999,1999,1988,1990
César Charlone	2007,2007
Lucas Demare	1959,1951,1956
Philippe de Broca	1972
Jerzy Skolimowski	1972,2008,1989,1984,1982,1982,1978,1978
Richard Thorpe	1954
Stanislaw Lenartowicz	1987
Al Pacino	1996
Frederikke Aspöck	2011,2004
Hampe Faustman	1949
Julia Ducournau	2016,2011,2016,2016,2011,2016
Ernesto Remani	1956
Jannik Hastrup	1990
Johannes Schaaf	1972
John Hanson	1979
Christoph Girardet	2006
Eldar Ryazanov	1983
Joana Hadjithomas	2008
Edgar Morin	1961
Eran Kolirin	2007,2016,2007,2007,2007,2007
John Sayles	1999
Grant Lahood	1993,1993,1994,1994
Irwin Winkler	1991
Pascal Adant	1999
Thanos Anastopoulos	2016
Antonin Peretjatko	2013,2013
Francesco Munzi	2008
Jens Jonsson	2001,2002
Daisy Jacobs	2014
Laura Gonçalves	2017
Peter Brosens	2009
Roger Michell	2003
Jean-François Laguionie	1978
Louis Sutherland	2009,2009
Vasilis Georgiadis	1964
Cyprien Vial	2006
J. Lee Thompson	1956
Mira Nair	1988,1988
Basil Dearden	1946
Meny Yaesh	2012,2012,2012
Pasquale Festa Campanile	1958
Denys Arcand	2003,2003,1986,1989,1989,1989
Gilles Marchand	2003
Jonas Carpignano	2014,2015,2015,2017
Lisa Cholodenko	2002,1998
Lol Creme	1982
Muzaffer Özdemir	2003
M. Blash	2006,2006
Kenji Uchida	2005,2005,2005
Pierre Schoendoerffer	1965,1965
Tamás Banovich	1965,1965
Zhi Wei Jow	2013
James Broughton	1954
Jan Roosens	2015
Jocelyn Moorhouse	1991
Robert Clouse	1965
Alexandre Bustillo	2007
Anna Maria Tatò	1978
Elia Suleiman	2012,2002,2002,2002,2009
Hou Hsiao-hsien	2007,2015,1993,1993,1995,2015,1996,1998,2001,2005
Mario Monicelli	1952,1973,1985,1966,1977
Griffin Dunne	2000
Alain Tanner	1981,1981
Bruno Collet	2001,2001
Kevin Smith	1994,1994,1994
Marc Recha	2003,2001
Niels Mueller	2004
Halina Bielińska	1959
Sébastien Pilote	2013,2013
Carey McKenzie	2006
Damien Ounouri	2016
Fernando Cerchio	1972
Juan Andrés Arango Garcia	2012,2012
Mohsen Makhmalbaf	2001,1999,2001
Sidney Lumet	1965,1992,1962,1969
Bimal Roy	1954,1954,1960,1955
Raúl Ruiz	2003,1999,1996,1992,1983,2012
Tommy Jones	2005,2014,2005
Riad Sattouf	2009,2009
Chris Lavis	2007,2007,2007
Erich Engel	1952
Niki Caro	1994,1998
Xan Cassavetes	2004
Nikos Nikolaidis	1964
Rainer Frimmel	2009,2009
Elia Kazan	1952,1955,1947,1955,1972
Jean Yanne	1972
Liang Zhao	2009
Miloš Forman	1971,1971
Gabriel Pascal	1946
Robert Guédiguian	2002,2011
Steno	1952
Cecilia Miniucchi	2007
Eicke Bettinga	2009,2002,2012
George Cukor	1946
Jefferson Moneo	2013,2011
Pál Erdöss	1983
Tomasz Siwiński	2014
Alois Di Leo	2010
Jean-Claude Biette	1999
Kôhei Oguri	1990,1990,1990
Ferzan Ozpetek	1999
Sergei Ovcharov	2000
Karim Traïdia	1998
Konrad Wolf	1959,1959
Nunnally Johnson	1956,1956
Salvador Aguirre	2002,2002,2002
Emeric Pressburger	1951
Gael García Bernal	2007,2003
Behnam Behzadi	2016
James Bridges	1979
Ján Kadár	1965
Mahamat-Saleh Haroun	2002,2010,2010,2013,2016
Panos H. Koutras	2014,2014
Pál Sándor	1983
Laura Vandewynckel	2015
Benjamin Renner	2012,2012
Bert Haanstra	1951,1959,1951
Maurizio Forestieri	1995,1988
Tulio Demicheli	1953
Zvonimir Berković	1963
Anders Henrikson	1946
Claudio Giovannesi	2016
Jonathan Nossiter	2004
Juan Diego Solanas	2003,2003,2005,2005
Robert Rodriguez	2005,2005
Guillaume Gallienne	2013,2013,2013,2013
Muriel Coulin	2011,2016,2011,2016
Roschdy Zem	2006
Edward Dmytryk	1949,1955,1947
Ismaël Ferroukhi	1993
David Trueba	1997,2003
Ossama Mohammed	2002
Zoltan Korda	1939,1952
Magali Magistry	2013,2013
Pavel Koutský	1990
Tony Zierra	2017
Guang Xi Chang	1987
Joris Ivens	1958
Per Høst	1957
Shona Auerbach	2004,2004
Barry Greenwald	1976
Bertrand Tavernier	1984,1990,1980,1984,2016,2010
Kristijonas Vildziunas	2006
Michel Gauthier	1982
Tito Davison	1951
Virgil Widrich	2003
Anahita Ghazvinizadeh	2017,2017,2013
Jean Rouch	1961,1976
Harald Braun	1954,1952
Mohammad Rasoulof	2013,2013,2011,2011,2011,2017
Alejandro Lubezki	2002,2002,2002
Kiyoshi Kurosawa	2015,1999,2008,2015,2008,2003,2001,2001,2017
Stanley Kwan	2001
Vincent Ward	1988,1984
Marco Dutra	2005,2007,2011,2011
Nasser Taghvai	1999
Piotr Dumala	1987,1986
Nick Cassavetes	1997
Carlos Conceição	2017,2014
Karey Kirkpatrick	2006
Alexandre Aja	1997
Claude Nuridsany	1996
Jesse Rosensweet	2002,2002
Nick Cannon	2007
Ken Loach	2006,2004,2002,1981,1981,1990,1981,1990,1991,1993,1990,1979,2000,2016,1998,1993,2016,1995,1995,1995,2016,2014,2012,2012,2010,2009,2009
Maarten Koopman	1993,1990,1990
Marc-Henri Wajnberg	1996
Peter Mullan	1998
Aida Begić	2012,2008,2008,2012
Alejandro Chomski	2003
Haim Tabakman	2009,2009
Harmony Korine	2007
João Mendes	1959
Silvio Narizzano	1971
Xavier Giannoli	1998,2009,2006
Bruno Nuytten	1982
Kim Ki-duk	2007,2011,2005
Lisa Marie Gamlem	2011
Werner Schroeter	1991,1982
Anthony Hemingway	2012
Rabah Ameur-Zaïmeche	2008,2006
Reda Kateb	2015
Sarah Miles	1973
Simon Rouby	2008
Carol Reed	1955,1949
Elisa Miller	2007,2007
Joseph Losey	1967,1966,1976,1971,1967
Francis Ford	1974,1979,1979,1974,2009,1967
George Kaczender	1969
Hal Salwen	1995
Jeanine Meerapfel	1981
Ramón Barea	1997
Wendy Toye	1953
Cen Fan	1982
Jonathan Meyers	2005
Jérémy Clapin	2008
Sébastien Laudenbach	2010
Aly Muritiba	2013
Shari Springer Berman	2003,2003
Carlos Reygadas	2002,2007,2012,2007,2012,2002,2005
Shane Danielsen	2015
Vittorio Gassman	1975
Don McKellar	1998,1998
Ruben Östlund	2008,2017,2014,2014,2011,2011
Una Gunjak	2014
Manish Jha	2002,2002
Marek Kanievska	1984
Michale Boganim	2002
Ibrahim Lama	1949
Pim de la Parra	1965
Moshé Mizrahi	1974,1972
France Štiglic	1957,1960,1949
Henri Gruel	1958
Vikramaditya Motwane	2010,2010
Léa Fazer	2004,2004
Michel Blanc	1986,1994,1994
Antonio Urrutia	1998
Clint Eastwood	1985,2003,1988,1990,2009,2003,2008,2008
Eryk Rocha	2004,2016
Bahman Ghobadi	2009,2009,2009,2002,2000,2000,2002
Forest Whitaker	1988
Khwaja Ahmad Abbas	1958
Nobuhiro Suwa	1999,2009
Éléonore Faucher	2004,2004,2004
Anthony Pelissier	1952
Eugene Jarecki	2017
Fanta Régina Nacro	2001
Michael Dudok de Wit	2016,2016,2016
Oscar Kantor	1965,1965
Robert Darène	1963
Claude Autant-Lara	1949
Mia Hansen-Løve	2009,2009,2007,2007
Anselmo Duarte	1962
Gaston De Gerlache	1961
Juraj Herz	1972
Alejandro Jodorowsky	2013
Bong Joon-ho	2009,2008,2006,2017
Damián Szifrón	2014
Thomas Brasch	1988,1981
Vittorio De Seta	1955
Andrew Dominik	2012
Christine Carrière	1999
James William Guercio	1973
Michel Franco	2015,2012,2009,2009,2015,2017,2017
Ademir Kenović	1997
Al Jarnow	1987
John Boorman	1970,1981,1981,1970,1998,1995,1998
Marguerite Duras	1977
Miki Polonski	2015
Charles Sturridge	1987
Deniz Gamze Ergüven	2015,2015,2015,2006
Alexandre Astruc	1965
Anatole Litvak	1961
Bette Gordon	1984
Giuliano Montaldo	1971,1969
Jomí García Ascot	1967
Rithy Panh	2007,2016,1994,2013,1998,2003
Lin Cheng-sheng	1996,2003
Sergei Vasilyev	1955,1955
Vitali Kanevsky	1990,1992,1992
Xavier Dolan	2014,2012,2014,2014,2012,2010,2010,2009,2009,2009,2016,2016,2009,2016
Alexander Sokurov	2003,2003,2001,1999,2007,2002
Göran Gentele	1959
Kinuyo Tanaka	1954
Laure Duthilleul	2004,2004
Leonid Menaker	1965
Arthur de Pins	2017
Gustave de Kervern	2012,2012
Nicola Sornaga	2008
Valéry Rosier	2011
Chen Kaige	1999,2002,1996,1993,1993,1991,1988
Ludovic Boukherma	2016
Magnus von Horn	2015
Sam Karmann	1992
Sofia Coppola	1999,2006,1999,2017,2006,2013,2017
Vojtěch Jasný	1959,1963,1966,1969,1969,1963,1969,1959
Bouli Lanners	2008,2011,2011,2008,2008,2008
Tizuka Yamasaki	1980
Víctor Gaviria	1998,1990
Irena Pavlásková	1990
Marcel Bluwal	1963
Alberto Bevilacqua	1971
Jacques Becker	1951,1949,1947,1960
Michael Winterbottom	1997,2002,1999,2007
André Delvaux	1988,1973,1979
Jingda Xu	1987
Kim Longinotto	2005
Leonardo Bonzi	1955,1955
James Ivory	2000,1979,1981,1983,1992,1992,1995
William Friedkin	2006,2006
Laila Pakalnina	2009
Alf Sjöberg	1946,1966,1961,1953,1951
Yves Ciampi	1962
Angela Ricci Lucchi	2004
Bruno Dumont	2006,2011,2016,2016,2006,1999,1999,1997,1997
Jerome de Missolz	2011,2011
Nikolay Khomeriki	2005,2006,2009
Stefan Ivancic	2014
Leopold Lindtberg	1946,1946,1951,1953
François Villiers	1958
Kōji Wakamatsu	2012
Leonid Gayday	1961
Mario Brenta	1994
Richard Brooks	1958
Baz Luhrmann	1992,2001
Björk	2000
Dane Komljen	2010
Jean-Claude Carrière	1969,1969
Jeremy Saulnier	2013,2013
Jorge Michel Grau	2010,2010
Gonzalo Tobal	2012,2007
Philippe Harel	1997
Basil da Cunha	2013,2013,2012
Ingmar Bergman	1973,1997,1960,1998,1998,1958,1958,1957,1957,1956,1956,1947,1960
Lucrecia Martel	2008,2004
Richard Kelly	2006
Mauro Bolognini	1956,1958,1961,1970,1976
Rein Raamat	1979
Catherine Breillat	2002,2007,2001
Joseph Strick	1967
Werner Herzog	2002,1982,1982,1979,1975,1984,1975,1975,1975
Jack Blum	1998
John Canemaker	1984
Terence Davies	1988,1992,1995
Daniel Schmid	1976
Lee Chang-dong	2010,2000,2007,2010,2010
Matúš Vizár	2013
Michel Ocelot	1987,2006
Ralph Richardson	1962
Rodolphe Marconi	1999
Karel Kachyňa	1990
André Cauvin	1953
Claudine Natkin	2007
Erik Blomberg	1953,1953
Serge Bozon	2007,2013,2013
Darren Walsh	2000
Isabella Carbonell	2015
Jiang Wen	2000,2001,2000
Tareque Masud	2002
Mark Albiston	2009,2009,2007
Vincent Paronnaud	2007,2007,2007
David Oelhoffen	2007,2005,2007
Federico Fellini	1987,1960,1957,1957
Natalia Garagiola	2012
Viktor Ivchenko	1954
János Herskó	1958
Lisandro Alonso	2001,2014,2014,2008,2004,2001
Patrik Eklund	2009,2009
Pascale Ferran	1994,2014,1990
Camillo Mastrocinque	1947
Konstantin Bojanov	2011,2011
Tião	2014,2008
Jean-Paul Civeyrac	2010
Christian-Jaque	1946,1952,1952
Gurvinder Singh	2015
Jaime Camino	1969
Steven Soderbergh	1989,2008,2013,1989,2013,1993
Asghar Farhadi	2013,2016,2016,2013
Gerbert Rappaport	1954
Grigori Roshal	1951
Michael Cimino	1981,1996
Leila Conners	2007
Marta Mateus	2017
Niki Karimi	2005,2005
Pierre Prévert	1960
Lieven Debrauwer	2001,1997,1997
Šarūnas Bartas	1997,2005,1996
Catherine Corsini	2001,2012
Ezequiel Radusky	2013,2013,2013
Joshua Safdie	2008,2017,2009,2008
Roch Stéphanik	1988
Sian Heder	2006
Alice Furtado	2011
Hiroshi Teshigahara	1964,1964
Lorenza Mazzetti	1956
Mario Martone	1995
Veljko Bulajić	1959
Zdeněk Podskalský	1960
Denie Pentecost	2006
Gulshat Omarova	2004,2004
Bruno de Almeida	1993
Hector Babenco	1998,1985,2003
Maurice Pialat	1980,1972,1991,1987
Shane Meadows	2002
Flora Gomes	1996
Pavel Kadochnikov	1955
Peter Medak	1972
Shyam Benegal	1976
Dominik Moll	2005,2000
Gil Alkabetz	1997
Lucía Puenzo	2007,2007,2007,2007,2013,2007
Rangel Vulchanov	1960
Basil Khalil	2015
Ferenc Cakó	1995,1988,1988,1983
Herman van der Horst	1969,1969,1953
Konstantina Kotzamani	2016
Roberto Benigni	1998,1998
Samuel Collardey	2005
António de Macedo	1973
Carlos Hugo Christensen	1951
Claude Miller	1998,1998,2003
Bernhard Sinkel	1980
Ion Popescu-Gopo	1957,1962
Quentin Tarantino	2009,2007,1994
Anthony Perkins	1961
Chad Chenouga	1998,1998
Lino Brocka	1984,1980
Per Oscarsson	1966
Avishai Sivan	2010,2010
Zbynek Brynych	1958
Pietro Germi	1962,1956,1956,1962,1967,1966,1964,1951,1958
Sebastián Cordero	2004
James Gray	2008,2007,2013,2000
Jamshed Usmonov	2002
Kent Jones	2015
Connie Rasinski	1961
Marcel Ophüls	1988,2013
Mario Camus	1984,1984,1966
Mikhaël Hers	2009
Ulrich Seidl	2007,2012
Emmanuel Mouret	2006
Michel Deville	1971
Roger Donaldson	1984
Shôhei Imamura	1983,1997,1989,2001,1989,1989,1987
Adam Guzinski	1998
July Jung	2014,2014,2014
Thomas Bangalter	2006,2006
Robert Wise	1949,1949
Tomás Gutiérrez Alea	1979
Vladimir Perišić	2009,2009
Derek Jarman	1987
György Kovásznai	1967
Manu Kurewa	1998
Nathan Nicholovitch	2015
Benh Zeitlin	2012,2012,2012,2012,2012
François Truffaut	1959,1959,1959,1964
Jaromil Jireš	1964
Norma Bailey	1980,1980
Paul Martin	1951
Antoni Ribas	1973
Orhan Oğuz	1988
Lenny Abrahamson	2007
Arnold Sjöstrand	1947
Constantin Popescu	2009
Dusan Makavejev	1985,1981
Luis César Amadori	1949
Maroun Bagdadi	1991,1991
Paz Encina	2006,2006,2006
John Cromwell	1946
Razvan Marculescu	2009
Thomas Vincent	2004
Vincent Bierrewaerts	1998
Rajaram Vankudre Shantaram	1952
Jean Godard	2014,1980,2014,1982,1985,1987,1990,2001,2010
Jeremy Thomas	1998,1998
Wilfred Jackson	1953
Yves Caumon	2001
Joel Coen	1994,2007,2013,2013,1996,2001,2000,2004,1996,2001,1991,1991
Krystyna Janda	1990
Pierre Clenet	2014
Terry Jones	1983,1983
Zygmunt Sulistrowski	1954
Bille August	1992,1988
Noel Black	1966,1966
Yuriy Bykov	2013
Alessandro Blasetti	1946
Cristian Mungiu	2012,2016,2016,2007,2002,2002,2007,2007,2009,2012
Eduardo Valente	2009,2002,2006
Georges Lampin	1949
Arthur Joffé	1982
Carlos Marchiori	1967,1966
Jacques Ertaud	1970,1966
Stephen Daldry	2000,2000
Camillo Bazzoni	1966
Henry Barakat	1965
Pernille Fischer Christensen	2000
Roberto Gavaldón	1954,1953,1960,1956
Vicente Aranda	1988
Andrei Tarkovsky	1983,1986,1986,1983,1986,1983,1983,1980,1972,1972,1972,1969,1986
Ferenc Kósa	1967,1967
James Algar	1954,1949,1954
Pablo Agüero	2008,2006,2008,2006
Sergei Yutkevich	1966,1966,1946,1954,1954,1954,1956,1956
Jacques-Yves Cousteau	1946,1956
Ariel Kleiman	2010,2010
Doroteya Droumeva	2011
Lina Wertmüller	1972,1973
Susan Seidelman	1982
Tom Abrams	1989,1989
William Vega	2012,2012
Pedro Lazaga	1952
Heiny Srour	1974
Hong Sang-soo	1998,2000,2004,2005,2009,2010,2011,2012,2017
Jane Shearer	2006
Michael Powell	1959,1951
Shantaram Athavale	1956
Alan Rudolph	1994
Kaveh Bakhtiari	2013,2013
Alfred Hitchcock	1956,1946,1953
Claude Chabrol	1978,1985
Masahiro Shinoda	1974,1972,1995
Clara Kuperberg	2015,2016
Claude Mouriéras	2000,1998
Nikita Mikhalkov	2010,1994,1994,1994,1987
Rolf Hansen	1952
Pierre Étaix	1965,1965,1965,1969
Adriano Valerio	2013,2013
Jean Mauran	1947
Santiago Loza	2010
Candida Brady	2012
John Turturro	1992,1998,1991
Nicolas Wackerbarth	2007
Youssef Chahine	1999,1999,1997,1997,2004,1985,1970,1954,1952
Anocha Suwichakornpong	2006
Jerzy Kawalerowicz	1961,1966,1956,1961
Silvio Soldini	2000
Agnès Jaoui	2004,2004
Akira Kurosawa	1956,1980
Claude Lelouch	1981,1966,1966
Jacek Skalski	1991
Matheus Nachtergaele	2008,2008
Neil LaBute	2000,1997
Anne Bancroft	1964
Uri Zohar	1967
Denis Côté	2009
Sergiu Nicolaescu	1964
Alain Cavalier	1993,1993,2006,1986,1986,2007,2011,1986,2005,2009,2005
Craig Welch	1992
Janusz Kamiński	2007
Jens Lien	2000,2006,2001
Alain Jessua	1967,1967
Binka Zhelyazkova	1974
Roberto Rossellini	1946
Gérald Calderon	1980
Jean-Paul Rappeneau	1971,1990
Kleber Mendonça Filho	2016,2016
Picha	1980
Samba Gadjigo	2015,2015
Eduardo Williams	2012
Eric Till	1972
Jack Gold	1975
Jim Mickle	2013
John Cameron Mitchell	2017
Anja Breien	1979,1979
Mario Soffici	1947,1952,1958
Pavel Lungin	1992,1990,1990,1990,2009,2000
Bruce Terris	2002
Duane Hopkins	2008,2008
Paul Unwin	1994,1994
Pavle Vučković	2007,2003,2015
Serge Le Péron	2000
Gabriel Clarke	2015
Jacques Nolot	1998,2002,2007
Lee Isaac Chung	2007,2007
Jean Manzon	1969,1955
Joël Farges	1980
Mariano Luque	2011
Mathieu Kassovitz	1991,1995,1995,1997
Yorgos Lanthimos	2009,2015,2009,2015,2015,2017,2017
Hur Jin-Ho	2012
Johnny Depp	1997,1997
Jon Voight	1978
Kim Ki	2007,2011,2005
Isaac Julien	1991
Julia Kuperberg	2015,2016
Nabil Ayouch	2012,2012,2015
Paolo Sorrentino	2011,2015,2013,2011,2008,2008,2006,2004
Katrine Boorman	2012
Jan Speckenbach	2008
Juan Pablo Rebella	2004,2004,2004
Édouard Luntz	1970
Ernesto Contreras	2007,2007
Jean-Luc Godard	1985,2014,1987,2014,2010,2001,1990,1980,1982
John Ford	1953
Teresa Villaverde	1998
Michelangelo Frammartino	2010,2010
Éric Forestier	2002
Arnaldo Jabor	1986,1971
Eli Lotar	1946
Kelly Reichardt	2008
Laura Poitras	2016
Eugène Green	2003
Michael Mann	1981
Miranda July	2005,2005,2005,2005
Hany Abu-Assad	2013,2013
Luis García Berlanga	1970,1953,1953,1981,1953,1962
Michelange Quay	2004
Steven Spielberg	1974,1974
Valeska Grisebach	2017
Ferenc Kardos	1973
Radu Mihaileanu	2011
Tracey Moffatt	1990
Fendou Liu	2008
Jarl Olsen	1999
Manuel Flèche	1988
François Alaux	2009
Emily Atef	2008
Luc Moullet	2009,2001
Santiago Mitre	2015,2015,2017,2016
Stanislaw Jedryka	1962
Rainer Werner Fassbinder	1978,1974,1974,1974
Bobbie Peers	2006,2006
Peter Schamoni	1972,1967
Sebastiano Riso	2014,2014,2014
Hal Ashby	1980,1977,1978,1974
Otakar Vávra	1946
Shūji Terayama	1975,1985
Damien Chazelle	2014
Nicolas Roeg	1985,1985,1987,1971
Rezo Chkheidze	1956
Anurag Kashyap	2013,2013,2012
Lewis Milestone	1947
Ricardo Muñoz Suay	1954
Antonio Eceiza	1967
Bassem Breish	2007
Clio Barnard	2013,2013
Dan Wolman	1970
Juraj Lehotsky	2008,2008,2008
Mikhail Romm	1939,1946,1946
Pál Gábor	1979
Robin Campillo	2017,2017,2017,2017,2017
Wojciech Has	1963,1973,1973
Bonni Cohen	2017
Ida Panahandeh	2015,2016,2015,2015
Kamen Kalev	2009,2007,2009,2011
Richard Sears	1995
Ντίνος Δημόπουλος	1961
Gerrit van Dijk	1983
Allan Mindel	2003,2003,2003
Jeanne Moreau	1960,2003
Michel Hazanavicius	2017,2011,2014
Tengiz Abuladze	1987,1956,1987,1987,1987
Eduardo Rodríguez	2002
Giuseppe Tornatore	1989,1990,1990,1994,1989
Bernhard Wicki	1964,1989
Claude Lanzmann	2017
Jean Delannoy	1956,1947,1946
Karel Reisz	1969,1966,1978
Gitanjali Rao	2006,2014,2006,2006
Curt M. Faudon	1972
Jørgen Roos	1961
Ned Benson	2014,2014
Pierre Levie	1984
Grant Munro	1967
László Ranódy	1964
Pedro Peirano	2011
Francesca Joseph	2002,2002
Philip Leacock	1957,1954
Gary Sinise	1992,1988
Luc Dardenne	1999,2002,2002,2005,2016,2008,2008,2011,2011,2014,2014,1999
Fernando Ayala	1964
James Schamus	1997
Mario Soldati	1946,1953,1959,1959
Hirokazu Koreeda	2001,2004,2009,2013,2013,2013,2015,2016
Arnaud Desplechin	2013,2008,1992,2015,1996,2000,2003
Marlon Brando	1952
Paul Wright	2013,2013
Valerio Zurlini	1961
Elad Keidan	2008,2015
Jeff Balsmeyer	1992
John Huston	1984
Jonas Alexander Arnby	2014,2014,2014
Lindsay Anderson	1973,1982,1969,1963
Raya Martin	2009,2008
Daniel Taye Workou	2006
Charles Vanel	1953
Karel Zeman	1946
Kurt Maetzig	1949
Chris Landreth	2004,2004,2004
Fernando E. Solanas	1992,1988,1988,1989,1992,1992,1990
João César Monteiro	1996,1999
Arnaud Larrieu	2008,2005
Paul Calinescu	1946
Warwick Thornton	2009,2009
André Brassard	1974
Arne Mattsson	1952,1954,1953
Kaneto Shindô	1953
Nicole Van Goethem	1987
Rosanna Arquette	2002
Dinos Dimopoulos	1961
Kim Ui-seok	2004
Natalie Portman	2015
Ziad Doueiri	1998
Joachim Trier	2011,2015
Richard Harris	1963
Carlo Lizzani	1954,1954
Yuri Ilyenko	1990,1990
Felipe Bragança	2010
Jamel Debbouze	2006
Liliane de Kermadec	1975
Vasan Bala	2012,2012
André Téchiné	1979,1996,2011,1986,1985,1993,2017,2003,1985
Massimo Franciosa	1958
Michel Fano	1976
António-Pedro Vasconcelos	2000,2000
Bent Christensen	1962
Zack Snyder	2004
Jean-Charles Hue	2017
Kôzaburô Yoshimura	1952
Victor Fleming	1939
Nelson Yu Lik-wai	1999,2003
Axel Corti	1990
Francisco Regueiro	1963
Jeff Nichols	2011,2011,2011,2016,2012
Peter Handke	1978
Raoul Peck	1993,2000
Stéphane Aubier	2012,2012,2009
Karl Hartl	1956
Krzysztof Kieślowski	1988,1991,1991,1994,1988,1988,1991
Lev Arnshtam	1955,1946,1955
Nash Edgerton	2011
Sean Mathias	1997
Taisia Igumentseva	2012,2013
Virginie Wagon	2000,2000
Alice Winocour	2012,2015,2005
Juho Kuosmanen	2010,2016,2008,2016
Matthew Warchus	2014
Michael Moore	2002,2002,2004,2004
Miwa Nishikawa	2006
Paolo Cavara	1962
Sijie Dai	2002
Claude Sautet	1970
Fyodor Khitruk	1975,1974,1975
Gyula Macskássy	1961,1961
John Fernhout	1967,1967
Richard Linklater	2006,2006
Yoshishige Yoshida	1988
Nelson Pereira dos Santos	1964,1984,1964,1975,1970
Tony Richardson	1962,1966
Anthony Lucas	2002,2008
Hadar Morag	2008
Lynne Stopkewich	1997
Paul Mazursky	1978,1976
René Vautier	1972
Robert Kramer	1982
Anthony Chen	2007,2007,2013
Gerardo Herrero Pereda	2014,2014
James Dearden	1988
Davy Chou	2016,2016
Gualtiero Jacopetti	1962
Gustavo Rondón Córdova	2017,2017
Jacob Geis	1951
Michel Soutter	1972
Sue Brooks	2003
Jean Beaudin	1977,1977
Jean Dasque	1965
Serif Gören	1982,1982,1982
Yamina Bachir	2002,2002
Jacques Maillot	1999
Michelangelo Antonioni	1962,1982,1982,1975,1960,1967,1960,1962
Ari Folman	2008,2013
Cordell Barker	2009,2009
Patricia Rozema	1987
Woody Allen	1985,2002
Alfred L. Werker	1949
Jean Pierre Lefebvre	1977,1982
Jean-Pierre Denis	1987,1980
Jerzy Zarzycki	1951
Michael Schottenberg	1989
Zhang Yimou	1990,1995,1995,1994,1994,1994
Greg McLean	2005,2005
Francisco Norden	1977
Bill Bryden	1987
Fanny Ardant	2009
Francis Lauric	1960
Takashi Miike	2013,2003,2011
Timothy Quay	1986
Glenn Standring	1993
Leopoldo Torre Nilsson	1961,1957,1967,1961,1962
Marcel Gibaud	1952
Nicolas Klotz	2007
Philippe Barcinski	2003
Samantha Lang	1997
Víctor Erice	1983,1992,2002,1992,1992
Amos Kollek	2000,2000
Brando	1952
Kayo Hatta	1994
Samy	2006
Bo Widerberg	1969,1967,1969,1971,1964,1971,1979
Eduardo De Filippo	1951
Jacob Aaron Estes	2004,2004
Vincente Minnelli	1947,1952,1960
Alexij Kharitidi	1995
Emanuele Crialese	2002,2002
Giorgio Mangiamele	1965
Paul Goldman	2006
Manuel Summers	1965,1964
Marjane Satrapi	2007,2007,2007
Roberto Santos	1966
Saman Salur	2008
Lee Daniels	2012,2009
Romain Goupil	1982,1982
Iosif Kheifits	1955,1960
Juan Carlos de Llaca	1993
Márcia Faria	2010
Philip Koch	2010,2010
Dagur Kári	2005
Ducho Mundrov	1962
Jerzy Ziarnik	1961
Nikola Korabov	1963
Denis Dercourt	2009
Ian Emes	1978
Larry Peerce	1964
Satyajit Ray	1956,1956,1956,1984,1962,1958
Volker Schlöndorff	1969,1979,1967,1966,1966
Danielle Arbid	2007,2004
Jaco Van Dormael	1996,1991,1991
Philippe Faucon	1990
Fabrice Gobert	2010,2010
Serge Bourguignon	1960
Tamara Jenkins	1998
Bernard Knowles	1946
Clyde Geronimi	1946,1953
Isaak Shmaruk	1954
Kô Nakahira	1971
Raffaele Andreassi	1961,1969
Ricardo Franco	1997,1976,1978
Rajbans Khanna	1957,1957
Emir Kusturica	2004,1985,1985,1989,2007,1989,2004,1995
Michael Pfleghar	1964,1964
Fred Zinnemann	1954,1949,1954
Guy Séligmann	2016
Nadav Lapid	2004,2006
Věra Chytilová	1970
Compton Bennett	1946
Frederick Wiseman	2010,2016
Paul Schrader	1985,1988,1985
Diane Kurys	1987
Diego Quemada-Díez	2013,2013,2013
Johannes Stjärne Nilsson	2010,2010,2010,2010,2001
John Frankenheimer	1962,1966
David Lassiter	2013
Jacques Demy	1964,1964,1964
José María Forqué	1952
Paul Newman	1973,1987,1958
Bill Plympton	1987,2001,1991,1991
Joyce Borenstein	1975
Lou Ye	2012,2009,2003,2006
Moni Bhattacharjee	1964
Richard Lester	1965,1965
Simon Cellan Jones	2000
Ramón Torrado	1951
Alain Guiraudie	2016,2016,2013,2013,2009,2013,2003
Gjergj Xhuvani	2001
Lee Jones	2014,2005,2005
Paul Driessen	1984
Wes Anderson	2012
Juan Carlos Tabío	2012
Rémi St-Michel	2014
Abolfazl Jalili	1999
Danièle Huillet	1999
Esmir Filho	2006,2007
Jaime Rosales	2014,2003,2003,2007,2003,2012,2014
Eva Riley	2015
Giorgio Moser	1955,1955
Herbert J. Biberman	1969
Carlos Diegues	1987,1984,1980
Ray Milland	1946
Stefano Sollima	1993
Baccio Bandini	1960
Mikhail Shapiro	1967
Amos Gitai	2000,2000,2002,2005,2017,1999
Diego Lerman	2010
Frank Van Passel	1995,1995,1995
Benjamín Ávila	2012,2012
Benicio del Toro	2008,2012
Leila Kilani	2011
Thomas Bidegain	2015
David Mackenzie	2003,2016
Raf Roosens	2015
Walter Salles	2004,2004,2004,2012,2008
Paul Verhoeven	2016,1992
David Leland	1987
Jon Taylor	2010
Mai Zetterling	1965
Alice Rohrwacher	2014,2011,2011,2014
Atef Salem	1965
David Verbeek	2010
Mélanie Laurent	2008,2014
Philippe Lacôte	2014,2014
Julia Leigh	2011,2011
Samuel Fuller	1980
Jacques Doillon	1979,1979,1984,2001,2004,2017
Jiří Barta	1981
Radovan Tadic	1989,1989
Boaz Yakin	1994
Christoph Hochhäusler	2005,2010
Jafar Panahi	1995,2003,2003,2011
Petar Lalović	1981
Darnell Martin	1994
Jean Cocteau	1946
Karin Albou	2005
Márta Mészáros	1984,1984,1977,1980
Walter Reisch	1955
Nagisa Ōshima	1978,1986,2000,1983,1978
Vladimir Pogačić	1953
Zak Hilditch	2014
Alfonso Amador	1998
Antonio Ber Ciani	1961
István Gaál	1981,1970,1970
Kirill Serebrennikov	2016,2016
Miguel Littín	1978,1976
Bob Fosse	1980,1975
Jean-Pierre Sinapi	1987
Laurence Ferreira Barbosa	1997
Fellipe Barbosa	2017,2017,2017
Gleb Panfilov	1990,1990
Jos Stelling	1975
João Canijo	2004,2001
Benoît Delépine	2012,2012
Matti Kassila	1957
Peter Brook	1963,1960
Dariush Mehrjui	2002
Fridrikh Ermler	1946
Nadine Trintignant	1967
Daniel Lopatin	2017
Dino Risi	1985,1979,1975,1955
Nouri Bouzid	1986
Simón Mesa Soto	2014,2016
Susana Nobre	2015
Amanda Forbis	1999
Nikita Kurikhin	1965
Nuri Bilge Ceylan	2014,2014,2011,2011,2008,2008,2006,2006,2004,2003,2003,1995,2012
Valeriya Gay Germanika	2008,2008,2008,2008,2008
Ciro Guerra	2009,2009,2015
Emil Loteanu	1978
Renaud Barret	2010,2010
Bálint Szimler	2010
Lynn Shelton	2009
Mahdi Fleifel	2017
Roland Verhavert	1956
Jean-Marie Straub	1999
Jerzy Kalina	1974
Masahiro Kobayashi	2005,2000
Matteo Garrone	2008,2008,2015,2012,2012
Vincent Pérez	1999,1992
Christophe Van Rompaey	2008,2008,2008,2008
Marcia Tambutti Allende	2015,2015
Valérie Mréjen	2011,2011
Kaouther Ben Hania	2017
Philippe Ramos	2011
Gerardo Naranjo	2011
Mario Camerini	1947
Stephen Kang	2011,2011
Mark Donskoy	1956
Mike Newell	1985
Noah Baumbach	2017
Ricky Tognazzi	1993
Rolf Thiele	1959
Vittorio De Sica	1956,1955,1953,1952,1951,1961,1956
Alain Mazars	1990
Ethan Coen	2004,2007,2013,2013
Patrick Bouchitey	1991
Dibakar Banerjee	2013
Christoph Waltz	2009
Sam Wood	1947,1939
Alfred Weidenmann	1962
Oxide Pang Chun	2006
Atiq Rahimi	2004,2004
Carmen Castillo	2007,2007
Hanno Höfer	2009
Cătălin Mitulescu	2006,2004,2002,2001,2011
Dae-hyun Kim	1999
Zsolt Kézdi-Kovács	1983
Jean-Pierre Dardenne	2008,1999,1999,2002,2002,2005,2008,2016,2014,2014,2011,2011
Kenji Mizoguchi	1955
Max Färberböck	2003
Sandrine Veysset	2001
Christophe Honoré	2006,2007,2002
Eric Guirado	1999
Bárbara Virgínia	1946
Enrico Gras	1955,1955
Gérard Blain	1987,1976
Mrinal Sen	1980,1983,1983,1986
Gregg Araki	2010,2007
Nicolas Winding Refn	2016,2011,2016,2011,2013
Béla Vajda	1974,1981
Mohammed Karim	1946
Samira Makhmalbaf	2003,2003,2003,2000,2000,1998,1998
Walter Lang	1953
Alain Corneau	1979
Benoît Mariage	1997,1999,1999
Luigi Bazzoni	1963
Roger Leenhardt	1961
Andreas Labrinos	1959
Giacomo Gentilomo	1946
Victoria Mercanton	1966
Alejandro Fadel	2012,2012,2012
Mamad Haghighat	2003,2003
Raimund Krumme	1994
Todd Haynes	1998,2017,2015,2015,1998
Elio Petri	1970,1970,1970,1967,1967,1972
Jack Nicholson	1971,1974
Benjamín Naishtat	2010
Ekachai Uekrongtham	2007
Luchino Visconti	1963,1971,1971
Terry George	1996
Bertrand Blier	1989,1981,1986,1989,2003
Francis Mankiewicz	1988
Florence Henrard	1995
Franc Roddam	1987
Tadashi Imai	1954,1957
Georgiy Daneliya	1974,1964
Shinji Aoyama	2005,2000,2000,2000,2001
Carl-Gustav Nykvist	1989
Carlos Vilardebó	1971,1961,1971
Karim Moussaoui	2017,2017
Charlie Kaufman	2008,2008
Leigh Jason	2001,2001
Pål Sletaune	1997
Jean-Jacques Jauffret	2011,2011
Sydney Pollack	1972
Abdelaziz Ramdani	1962
Bruno Chiche	1990
Jonathan Ogilvie	1995,1996
Éric Caravaca	2017
Bùi Thạc Chuyên	2000
Abel Ferrara	2017,2001,1993
Arne Skouen	1952,1954,1955,1958
Charles Walters	1953,1953
Gyula Maár	1976
Margarethe von Trotta	1988,1986
Roland Edzard	2011,2005,2011
Thomas Cailley	2014,2014,2014,2014,2014,2014
Claude Barras	2006,2016
Francis Girod	1988
Julius Avery	2008,2008
Marcos Magalhães	1982,1982
Xavier De Choudens	2000,2001
Raymond Depardon	1990,2017,2008
Alex van Warmerdam	2013
Eun-young Han	2013
Meryl O'Connor	2012
Park Chan-wook	2009,2016,2016,2009,2004,2004
Daniel Mann	1953,1953,1956
Karyn Kusama	2000,2000,2000
Georges Rouquier	1954,1946
Kôzô Saeki	1952
Lev Kulidzhanov	1962,1959
Piero Messina	2012
Ryoo Seung-wan	2005
Simón Bross	2007
Yuli Raizman	1946,1951
Daniel LeConte	2008
Eric Jameux	2000,2000
Justin Kurzel	2015,2011,2011,2011,2011,2011
Thierry de Peretti	2013,2013
Alan Cumming	2001,2001
Hugo Niebeling	1963,1965
Jean-Claude Brisseau	2006,1988,2003
Nikolai Gubenko	1977
Pablo Fendrik	2007,2008,2008
Claude Goretta	1973,1977,1977,1973,1973,1983
L. Rezan Yesilbas	2012
Mechislava Mayevskaya	1956
Norman McLaren	1955
François Reichenbach	1960,1975
Jeff Vespa	2008
Siegrid Alnoy	2003
Frunze Dovlatyan	1966
Jacques Brel	1973
Luis Alcoriza	1965,1965
Peter Lilienthal	1970
René Viénet	1977
Wolfgang Liebeneiner	1953,1952
